No,Word,Social,Human,Communication,Self,Cognition,Benefit,Harm,Pleasant,Unpleasant,Happy,Sad,Angry,Disgusted,Fearful,Surprised
40,accident,3.2000,0.2000,0.2667,0.1000,0.5667,0.0667,5.2333,0.1333,5.2333,0.0667,4.1000,3.3000,2.4667,3.9667,4.5667
385,accordion,1.5862,0.0690,1.6207,0.0345,0.6552,1.3793,0.2414,3.0345,0.6897,2.2759,0.1724,0.1724,0.2069,0.1379,0.9655
114,activist,3.2000,5.9667,2.3333,1.1000,1.6667,4.4333,1.8000,1.9000,1.2667,1.7333,0.7333,1.6333,0.9333,1.0333,1.6000
115,actor,2.1034,5.7586,1.9655,0.8966,1.0000,2.5862,0.7931,3.7241,0.6552,3.3793,1.9655,1.1034,0.7241,1.3793,2.3793
454,advantage,2.6000,1.3600,0.3600,1.6800,2.3600,5.2000,1.4000,3.2400,0.5600,3.4400,0.4800,1.0400,0.5600,0.5600,2.1200
494,advice,5.4000,2.0667,4.8000,1.9000,3.8000,5.0333,1.7333,3.0667,1.4000,2.6000,1.2667,1.1333,0.5667,1.0333,1.6333
1,aggressive,4.7333,3.0333,3.6000,0.8333,3.6333,0.3667,4.3333,0.4000,3.9667,0.1333,0.8667,5.3667,1.7333,2.2667,1.4333
77,agreement,5.4286,2.1071,3.9643,0.9643,3.6429,4.7143,1.3214,3.1786,0.3929,3.1786,0.4286,0.5357,0.2857,0.3214,0.8214
154,airport,2.8276,0.6897,1.3793,0.4138,0.2759,3.0690,1.3448,1.3448,1.6897,1.3448,0.7931,0.9655,0.3448,1.3448,0.6207
272,alligator,0.1000,1.2333,0.0667,0.0667,0.1333,0.3333,5.6667,0.4000,3.3000,0.0667,0.7000,0.6000,1.3000,4.8667,3.2667
438,ambulance,2.2903,0.4194,0.7097,0.0323,0.1613,5.0000,0.7742,0.6452,2.3871,0.4194,2.8387,0.4194,0.3226,2.3871,2.6129
455,analogy,2.7308,0.3077,4.8462,1.1154,5.2308,3.3846,0.5385,1.8462,0.7308,1.3462,0.6154,0.8462,0.5769,0.4231,1.8846
36,angry,4.9286,3.2143,4.0000,1.2857,4.8929,0.7857,4.3929,0.1429,5.4286,0.0357,2.5000,6.0000,2.9643,2.7857,1.5357
349,animosity,4.7407,1.2222,3.3333,0.7407,4.4815,0.5556,3.8148,0.3704,5.2593,0.1481,3.0370,4.5926,2.7407,2.8148,2.2963
273,ant,0.2258,1.5806,0.0000,0.0645,0.2581,0.6452,1.8710,0.3548,2.9355,0.2903,0.2258,1.1290,1.8387,1.1935,0.9677
405,apartment,0.9286,0.0000,0.2500,0.8571,0.1071,3.7857,0.4643,2.1786,0.3929,1.9286,0.1429,0.3214,0.1429,0.1071,0.1071
495,apology,5.6552,1.9310,5.3793,1.7931,3.6897,4.6552,0.7931,3.1379,1.3793,3.5862,1.8276,1.1034,0.5862,0.9655,2.4138
521,applause,3.6897,0.5862,3.9655,0.4828,1.0000,2.6552,0.1034,4.5517,0.1034,4.3793,0.0345,0.0345,0.0345,0.0690,1.8276
181,approached,4.1481,3.8889,2.4815,2.9259,1.1111,1.7037,1.4815,1.7407,0.6296,1.3333,0.3333,0.9630,0.1111,1.4074,1.9630
311,apricot,0.1333,0.0333,0.0333,0.2000,0.0333,1.9333,0.1667,3.6333,0.2000,2.2333,0.1000,0.0667,0.1000,0.1333,0.3000
295,arm,0.7000,0.8000,2.9667,2.8667,0.2667,3.3000,2.6333,1.8000,0.1000,1.0000,0.0000,0.0333,0.1667,0.0333,0.2000
53,army,5.3214,5.2143,2.0357,0.6786,1.8571,4.1429,5.3571,1.4286,2.3929,1.2857,2.1429,1.8214,1.3571,3.5357,1.7857
182,arrested,5.5333,3.9333,2.2000,0.1000,1.6667,1.3333,3.5667,0.6333,5.3667,0.2333,3.9000,3.9333,2.9333,3.9000,3.3333
116,artist,1.5000,5.6071,1.7500,1.5357,2.6071,3.1786,0.8214,3.9286,0.3214,3.2143,0.9643,0.8571,0.4643,0.6071,1.6071
312,asparagus,0.3103,0.0345,0.0690,0.2759,0.1034,2.4138,0.1379,2.3793,0.8621,1.4138,0.0000,0.0345,0.5517,0.1034,0.2414
183,ate,2.0000,2.7931,0.6552,5.1034,1.0345,3.8966,0.5517,4.6207,0.2759,4.0690,0.4138,0.1379,0.4483,0.1034,0.2069
456,attribute,0.7500,0.3000,1.0000,3.7000,3.0500,3.6000,1.3500,2.4000,1.2500,2.3500,0.5500,0.9000,0.4500,0.5500,1.2000
309,audience,4.8000,3.1000,2.1333,0.7000,1.0667,2.1333,0.7000,2.5667,0.6000,2.4333,0.2000,0.4667,0.1667,0.9667,1.3333
117,author,1.6429,5.7143,2.6429,1.2857,2.6429,3.8929,1.0357,3.3571,0.3571,3.4643,1.7143,0.8571,0.5000,0.8571,2.1786
265,avalanche,0.2581,0.0968,0.0000,0.0645,0.0323,0.2258,5.8710,0.0645,4.7097,0.0645,2.5161,1.3871,0.6129,4.7097,4.1290
350,awe,2.9286,0.3571,1.6429,0.9286,4.7857,2.4643,0.2143,4.1071,0.1429,4.5357,0.2857,0.2857,0.0714,0.8571,3.9643
420,axe,0.5667,0.1667,0.1667,0.1333,0.3000,2.9000,5.1000,0.6333,0.9667,0.4333,0.2333,0.5667,0.3667,2.1667,0.6000
386,bagpipe,1.3571,0.0000,1.6786,0.2143,1.3571,1.2857,0.3929,2.4643,1.7857,2.0357,1.1429,0.6429,0.4643,0.3571,1.1071
78,ball,2.8519,0.0741,0.3704,0.6667,0.7407,1.1481,2.0370,2.7037,0.1852,2.5926,0.2222,0.0741,0.2963,0.1481,0.3704
313,banana,0.1724,0.0000,0.0345,0.2069,0.1034,2.7586,0.3103,3.2069,0.3793,1.7241,0.0345,0.0000,0.1724,0.0000,0.0000
387,banjo,1.6667,0.0333,1.7333,0.2333,1.1667,1.6000,0.2333,3.5667,0.5000,2.8667,0.3667,0.3333,0.2000,0.0333,0.6000
118,banker,2.5556,5.2963,1.2963,0.8148,1.4444,3.6667,1.9259,1.4444,1.7037,1.1111,1.2593,1.4444,0.8519,0.7037,0.7407
406,bar,4.3571,0.1429,1.7857,0.8929,0.1786,1.7143,1.9286,3.0357,1.2857,2.7500,0.8214,0.5000,0.8214,0.3929,0.4643
243,barbecue,4.8966,0.3793,1.4138,0.6207,0.5517,2.4828,0.6207,4.9655,0.0345,4.5172,0.0345,0.0345,0.1034,0.0345,0.2414
79,baseball,3.7143,0.1786,0.7143,0.6429,1.0357,1.1071,2.5000,2.1071,0.5000,1.6071,0.0714,0.0357,0.0357,0.2500,0.3214
522,battle,5.3571,1.7143,1.2500,0.1786,1.2857,1.0357,5.6786,0.1429,4.6786,0.0714,3.7500,3.9286,3.0000,4.5000,2.1071
407,bay,0.6552,0.1724,0.0690,0.0690,0.1379,2.0000,1.3448,3.4828,0.0690,2.1379,0.1724,0.0345,0.1724,0.5517,0.5172
155,beach,2.0000,0.1379,0.3448,0.7241,0.1724,2.2069,1.3103,5.4483,0.0345,4.6897,0.0345,0.0000,0.1034,0.3793,0.3448
80,bed,1.4667,0.0667,0.2333,0.4667,0.3333,3.1667,0.3000,4.6333,0.2000,3.2667,0.0667,0.0333,0.0667,0.0667,0.0333
274,bee,0.4194,0.6774,0.0645,0.0968,0.0323,2.6129,3.9355,0.8387,3.1290,0.3226,0.4516,0.9032,0.7742,3.0645,2.5806
368,beer,2.4000,0.0000,0.7333,1.0333,0.3667,2.1000,3.1000,3.6333,1.5333,3.6000,0.9667,0.8333,1.4333,0.5000,0.6333
255,belch,0.6667,0.3667,1.1000,0.3667,0.5000,0.7667,0.6333,0.2333,4.1000,0.5333,0.3333,1.3000,4.4000,0.3333,2.9000
338,belief,2.0000,1.6207,2.1034,4.8276,5.6552,3.5517,2.4828,2.2759,1.2759,3.4138,1.7586,1.8621,1.5517,1.6897,1.5862
388,bell,0.8667,0.0333,2.9667,0.0333,0.1667,1.8000,0.1667,2.9333,0.7000,2.2333,0.4333,0.1333,0.0333,0.4333,2.5667
81,bicycle,1.1667,0.2000,0.4667,1.0667,0.5333,3.2333,1.4667,3.2000,0.2000,2.7667,0.0333,0.0333,0.0000,0.0667,0.1333
2,big,0.5667,0.7000,0.5667,0.9667,0.2333,0.8000,1.7333,0.7667,1.1000,0.6333,0.1667,0.6333,0.5667,1.0667,0.8000
54,bird,0.0000,0.7586,0.8966,0.3793,0.0000,1.0000,0.9310,2.9655,0.2069,2.3793,0.0345,0.0345,0.2414,0.3448,0.6207
30,black,0.5000,0.1333,0.1667,0.3000,0.4667,0.2000,0.4000,1.1667,1.1333,0.3000,2.2333,1.7000,0.6000,1.5667,0.1333
184,blocked,1.8889,2.2593,0.7778,0.7407,1.2963,1.8519,2.5926,0.5185,2.7778,0.1111,1.2963,2.0370,0.7037,1.3333,1.7037
31,blue,0.2258,0.0323,0.3226,0.1613,0.3548,0.1935,0.0000,1.7742,0.6129,0.3548,3.7742,0.0645,0.0323,0.1613,0.0000
314,blueberry,0.5862,0.0345,0.0690,0.2414,0.1034,2.5517,0.2759,4.2069,0.4483,2.2759,0.0345,0.0345,0.0690,0.0000,0.2069
82,boat,1.3214,0.0357,0.2143,0.1071,0.1786,2.8214,1.5000,2.9286,0.2857,2.4286,0.0357,0.0714,0.1071,0.4286,0.1786
523,bonfire,3.1034,0.2069,0.9310,0.2414,0.0345,1.5517,3.9655,4.0690,0.1724,3.3793,0.1034,0.1724,0.1034,0.8966,0.6552
83,book,0.8333,0.0667,3.9000,2.2333,3.4667,4.5667,0.6333,4.0333,0.6000,3.2000,1.2000,0.6000,0.5333,0.8333,1.2667
185,bought,4.5517,4.4828,3.2759,4.1034,2.6552,3.5517,0.5172,3.6897,0.6207,3.7586,0.2414,0.2759,0.2069,0.2414,0.4828
55,boy,1.1000,5.7667,0.5000,1.7000,0.7333,2.6333,1.2667,2.8333,0.4667,2.9000,0.6000,0.7000,0.4000,0.4667,1.7667
84,bread,0.4194,0.0000,0.0968,0.3548,0.0645,2.8387,0.0645,3.8710,0.0968,2.5806,0.0000,0.0000,0.1613,0.0000,0.1613
244,bribe,5.4286,1.5357,2.8214,0.8214,2.8214,2.2857,3.9643,0.4286,3.8214,0.5357,1.8929,3.2857,3.4286,1.8571,2.2857
151,bridge,1.1034,0.0345,0.2759,0.1034,0.2759,4.3793,1.0000,1.4483,0.5862,0.6897,0.1379,0.1724,0.0690,0.9310,0.1034
315,broccoli,0.2333,0.0333,0.0333,0.5333,0.0667,2.9000,0.2000,2.8333,1.0667,1.8000,0.1000,0.0333,0.8667,0.1000,0.0667
186,broke,0.5926,1.8519,0.2963,1.0741,0.3704,0.5556,3.3704,0.1481,4.0741,0.2222,2.6667,3.0741,1.6667,1.7778,3.5185
389,bugle,1.7500,0.1071,3.1786,0.1071,1.1071,1.7500,0.2143,2.7500,0.7857,2.0357,0.6786,0.2857,0.0357,0.1786,1.7143
187,built,2.8387,4.8710,0.7742,1.3226,2.9355,4.1290,0.7419,1.8710,0.3548,1.0968,0.0323,0.1290,0.0645,0.1935,0.2258
439,bus,1.9286,0.1071,0.3929,0.1071,0.1071,3.8929,2.0714,0.8929,1.0000,0.6429,0.0714,0.2143,0.2500,0.1786,0.2500
496,business,5.4483,2.3103,2.4828,1.8966,1.9655,4.6552,2.0345,2.2069,1.4483,2.1379,0.6897,1.2414,1.0000,0.8621,0.9655
119,businessman,2.7333,5.8667,2.1667,1.1333,1.6333,3.3667,2.1000,1.8667,1.9333,1.4667,1.2333,1.8000,1.3000,1.0333,1.2333
275,butterfly,0.0667,0.7667,0.0667,0.1667,0.0667,1.0000,0.0333,5.0667,0.1000,4.3667,0.1667,0.0333,0.0333,0.1333,1.3333
440,cab,3.1333,0.5000,0.3667,0.1333,0.2000,3.7667,1.6000,1.3333,0.7000,0.8667,0.0667,0.6000,0.2333,0.4333,0.2667
316,cabbage,0.0667,0.0333,0.0000,0.1000,0.0667,2.3000,0.0667,2.1667,1.1667,0.8000,0.0000,0.0000,0.4333,0.0000,0.0000
85,cabinet,0.2813,0.0938,0.2813,0.3750,0.0938,2.4063,0.5000,1.1875,0.0625,0.7188,0.0313,0.0313,0.1875,0.0938,0.1563
408,cafeteria,4.0333,0.1000,0.6333,0.0333,0.1333,2.8000,0.2333,2.4667,0.8000,1.8667,0.1333,0.0667,0.7333,0.1000,0.0333
276,camel,0.8667,0.4667,0.5000,0.1333,0.5667,2.9333,1.7333,1.7000,0.9000,1.3000,0.3000,0.2333,0.4000,0.7000,0.9000
86,camera,2.3214,0.1429,2.5357,1.0357,1.0357,2.9643,0.6071,3.0357,0.3214,2.3214,0.1071,0.2500,0.0357,0.1786,1.1786
87,car,1.6552,0.0345,0.6552,2.2414,1.0000,4.2069,3.1379,3.0690,0.1724,3.2759,0.1034,0.1724,0.0690,0.6207,0.5517
245,carnival,4.8571,1.0000,0.9286,0.3214,0.5714,1.8929,0.8929,4.6786,0.4286,4.9286,0.2143,0.3214,0.2857,1.1071,2.7500
441,carriage,2.0000,0.1379,0.5172,0.1034,0.0345,2.7586,1.1724,2.6897,0.2414,2.3793,0.0345,0.0690,0.1034,0.3103,0.8966
188,carried,1.8667,3.5000,1.7000,3.9667,0.5667,3.2667,1.2000,1.0667,1.5667,0.6333,0.1333,0.2000,0.1667,0.1000,0.2333
317,carrot,0.0000,0.0000,0.0000,0.2414,0.0345,2.7931,0.1724,2.0690,0.2414,1.0690,0.0000,0.0000,0.0345,0.0000,0.0690
88,cash,2.0000,0.2857,1.6429,1.7857,0.1786,5.0000,1.7500,4.1786,0.3929,4.2500,1.0357,0.9643,0.6429,0.5714,1.2143
409,cathedral,2.8000,0.5667,1.8667,0.6333,0.8667,3.3000,0.4333,2.3667,0.4000,2.1000,0.6667,0.2000,0.3000,0.3000,0.4000
189,celebrated,4.8667,4.1000,2.9667,2.5333,1.9000,2.9000,0.2333,5.4667,0.2333,5.7333,0.1000,0.1333,0.1333,0.1333,2.9000
89,cellphone,3.6774,0.3226,5.8387,1.9355,1.5484,4.4194,0.6452,3.3548,0.2258,3.0323,0.2258,0.4839,0.1613,0.1613,1.3548
90,chair,0.2308,0.0000,0.5385,0.2308,0.0385,2.5000,0.5385,2.4231,0.1154,1.0769,0.0000,0.0385,0.0385,0.0000,0.0000
369,cheese,0.5000,0.0333,0.0000,0.3000,0.1333,1.9667,0.4000,4.2000,0.4333,2.7667,0.0333,0.0333,0.2000,0.0000,0.0667
277,cheetah,0.0345,1.0345,0.0345,0.1034,0.5517,0.5517,4.2414,1.5517,0.8966,1.1379,0.5172,0.3793,0.4138,3.4483,2.0000
318,cherry,0.6000,0.1333,0.1000,0.4000,0.2667,2.1000,0.0667,4.3000,0.3000,3.0667,0.0667,0.0667,0.1667,0.1333,0.4333
319,chestnut,0.2143,0.0000,0.0357,0.0000,0.1429,1.0714,0.3571,2.3214,0.0714,1.2500,0.1071,0.0357,0.0357,0.0000,0.3214
56,chicken,0.4000,0.4667,0.3333,0.4333,0.3000,2.9000,0.6333,3.5667,0.2333,2.6333,0.1667,0.0667,0.2333,0.2000,0.8667
57,child,1.0370,5.1852,0.2593,1.2593,0.9630,2.2222,1.2593,2.9630,1.0741,3.3333,0.3333,0.8519,0.2963,0.3333,1.8519
390,chime,0.7000,0.0333,1.7667,0.0667,0.1333,1.1333,0.2667,3.0000,0.6333,2.4000,0.2333,0.1667,0.1000,0.2667,2.6000
278,chipmunk,0.1333,1.3333,0.0000,0.0667,0.0333,0.4667,1.3000,2.8667,0.4667,2.7333,0.0667,0.2000,0.0667,0.4000,1.6333
370,chocolate,0.5172,0.0000,0.1379,0.5172,0.0690,1.7241,0.5862,5.1379,0.0690,4.3103,0.0690,0.0000,0.0345,0.0000,0.7241
310,choir,4.4839,3.9355,2.4516,0.6129,1.1613,2.6129,0.1935,4.5806,0.2258,3.9032,0.7419,0.0968,0.0968,0.1935,0.8710
180,church,4.5769,1.2692,2.6538,0.4231,1.2692,3.0385,1.1538,1.7308,1.5000,1.8077,1.1154,0.8846,0.8846,1.2308,0.5000
246,circus,4.7500,0.4643,0.7143,0.0714,0.6071,2.3214,0.7500,5.0357,0.4286,5.0000,0.2500,0.2857,0.1429,0.5714,3.2500
256,clang,0.4333,0.0000,1.5667,0.0333,0.0667,0.4667,1.1000,0.5667,3.0667,0.3000,0.1667,0.9667,0.2333,1.2667,4.2333
391,clarinet,1.7419,0.0323,1.8387,0.2258,1.9355,1.5806,0.3226,4.0968,0.3871,2.6452,0.4516,0.2903,0.1935,0.0645,0.7097
3,clever,3.5185,3.4815,3.9259,4.0370,5.7407,3.5556,1.3333,3.4444,0.4815,2.1481,0.2593,0.4074,0.0741,0.1481,1.4815
91,cloud,0.0667,0.0333,0.1000,0.1333,0.1000,1.6000,0.6000,3.1000,0.6333,2.1000,0.6333,0.0667,0.0667,0.6000,0.3333
457,clue,1.9259,0.3333,1.8148,0.1111,2.4444,4.6296,1.1481,1.4074,0.7407,1.7037,0.5556,0.5556,0.2222,0.7778,3.1481
92,coffee,1.7500,0.0000,0.5000,1.4375,0.1875,2.9063,0.8125,4.5625,0.3125,3.1563,0.0000,0.0938,0.1563,0.0313,0.3125
4,cold,1.0345,0.0345,0.5172,0.1034,0.1034,0.3793,1.8621,0.5862,2.4138,0.1034,1.2759,0.3103,0.2414,0.7931,0.3793
410,college,4.7931,0.7241,1.9655,2.5172,2.8966,5.6552,0.3103,3.0345,1.0690,2.5862,0.6207,0.6897,0.0690,1.1379,0.7931
421,comb,0.4194,0.2258,0.1290,1.2258,0.0000,2.7097,0.5806,1.6452,0.3548,1.1290,0.0000,0.1613,0.0968,0.0000,0.1290
120,commander,2.3214,5.8929,1.2500,0.4286,1.0357,3.5357,2.8214,1.1429,1.6429,0.7143,1.0000,1.1071,0.2143,1.8214,1.3571
58,company,3.8214,3.5000,1.5357,0.8571,1.2500,3.2500,1.5714,1.2143,0.9643,1.0714,0.6071,0.9643,0.6429,0.6429,0.6429
93,computer,2.2759,1.0345,5.3793,2.1034,2.3793,4.4138,1.1379,4.1379,0.2414,3.1724,0.1034,0.2069,0.2414,0.2069,0.6207
422,corkscrew,1.1333,0.0000,0.1667,0.1667,0.2333,1.7333,2.0333,1.7333,0.2667,1.6333,0.1333,0.1333,0.1667,0.3000,0.2667
59,corn,0.5000,0.1667,0.1667,0.3667,0.1333,2.8667,0.4000,3.7333,0.3333,2.2333,0.1000,0.1000,0.1000,0.1000,0.3333
257,cough,0.3333,0.2667,1.3667,0.3667,0.6000,0.4667,3.3000,0.7333,4.6000,0.3000,1.5667,1.5667,2.5333,1.2000,1.9000
60,council,5.2143,5.1786,3.6429,0.3214,2.0000,3.4643,1.5714,1.3214,1.1429,1.1786,0.2857,1.1429,0.3571,0.6429,0.5357
61,couple,5.4444,5.1481,0.7037,2.8519,1.1481,2.5556,1.0370,4.2222,0.2963,4.2593,0.6296,0.6296,0.5185,0.3333,1.0000
156,court,4.6429,1.4643,1.8571,0.1786,1.3571,3.3214,2.0000,0.3929,3.1786,0.7143,1.7857,1.5714,0.9286,2.3214,1.5357
320,cranberry,0.1724,0.0345,0.0000,0.0690,0.0000,2.7241,0.1034,3.0345,0.4483,1.7586,0.0000,0.0000,0.4828,0.0000,0.1379
383,crib,1.2857,0.1071,0.1786,0.3929,0.2143,2.7857,0.3571,2.1786,0.1786,2.1786,0.1786,0.0714,0.1071,0.0714,0.2500
121,criminal,2.0000,5.5000,0.0357,0.1429,1.5000,0.2143,5.6071,0.0357,4.9643,0.0357,3.2500,4.4643,3.9643,4.7857,2.5714
190,crossed,1.5833,4.0000,1.3333,2.3333,1.1667,1.7500,1.2500,1.1667,0.5833,0.5833,0.2500,0.6250,0.2083,0.5000,0.2500
279,crow,0.1034,1.1379,0.0345,0.0690,0.7586,0.3103,1.4828,1.0690,1.8621,0.6207,0.4483,0.4483,0.7586,1.8276,1.2069
321,cucumber,0.1613,0.0000,0.0645,0.0645,0.0323,1.9677,0.1613,2.1935,0.2258,1.0968,0.0000,0.0000,0.2581,0.0000,0.0000
458,curse,3.3793,1.3448,1.0000,0.2759,3.2759,0.2414,4.9310,0.0000,5.0000,0.0000,3.2759,3.2069,2.6207,4.3793,2.4828
266,cyclone,0.6786,0.2143,0.0000,0.0357,0.0000,0.0357,5.6429,0.2143,5.1429,0.0714,3.2143,1.9286,1.3214,5.1786,3.0000
191,damaged,1.0000,1.7931,0.4138,0.5517,0.4483,0.1034,4.2414,0.0000,4.5862,0.0345,2.7241,3.8966,2.6552,2.4483,2.7931
322,dandelion,0.2414,0.0345,0.1379,0.2414,0.1379,1.4483,0.1724,3.9310,0.4138,2.9655,0.0345,0.1034,0.0345,0.0690,0.2759
5,dangerous,3.3000,1.7667,0.8000,0.5667,1.8000,0.2000,5.4333,0.1333,5.2333,0.1667,2.1333,2.7667,1.7000,5.4333,3.0000
6,dark,1.2143,0.3929,0.2143,0.5714,0.9643,0.3929,1.6429,0.7143,2.6786,0.2143,3.3929,1.6429,0.6071,3.0357,0.4286
513,day,1.9286,0.5714,0.6429,0.8929,0.4643,2.1786,0.5357,3.5357,0.5714,3.1786,0.5000,0.4286,0.1071,0.3571,0.6071
7,dead,1.2963,0.8519,0.3333,0.1852,1.3333,0.2963,3.1481,0.2222,5.0741,0.0000,4.3333,1.7037,3.4444,3.3704,0.7778
41,debate,5.9667,1.6000,5.5333,0.4333,4.9333,3.1333,1.6333,1.2667,2.4667,0.9667,1.2667,2.2667,1.1667,1.0667,1.3667
497,deceit,5.3077,1.9231,2.1154,0.7308,4.5769,0.7308,5.1154,0.3077,5.3462,0.0769,4.9615,5.5000,4.5000,3.2308,3.3462
351,delirium,1.4828,0.2069,0.4138,1.1034,5.9310,0.0000,4.3103,0.3793,4.9655,0.4483,3.4138,1.9655,1.3103,3.5862,2.4483
192,delivered,5.0345,3.8276,4.7931,1.9310,1.1724,4.0000,0.5517,2.4828,0.4138,2.0690,0.3103,0.1034,0.0345,0.0690,1.1724
352,denial,3.3448,1.2414,2.0690,1.3103,4.3103,1.1724,2.7931,0.4138,3.6552,0.2069,2.8621,3.1034,2.0345,1.6207,2.1379
94,desk,0.3548,0.0645,0.4516,0.6774,0.3226,2.1935,0.2903,1.0323,0.0968,0.6129,0.0323,0.0968,0.0645,0.0323,0.0645
193,destroyed,1.3200,2.7600,0.5600,0.2800,0.5200,0.4800,5.2000,0.5200,4.9600,0.1600,3.5200,3.6400,2.2000,3.6000,2.8400
524,dictation,4.8077,0.8846,5.0385,0.0385,2.9615,3.0385,0.5385,0.8077,1.2692,0.5385,0.2692,0.5000,0.3077,0.3462,0.5385
95,dime,0.8929,0.1786,0.7857,0.6429,0.1786,3.1071,0.1429,2.5714,0.1071,2.2143,0.2857,0.3214,0.1071,0.0714,0.3214
42,dinner,3.7742,0.2258,1.4516,1.3871,0.5484,4.1290,0.2581,4.6129,0.1290,3.9677,0.0000,0.0000,0.1290,0.0000,0.3226
122,diplomat,2.7742,5.9355,2.9032,0.4839,1.7742,4.1935,1.8387,1.9677,0.9032,1.4194,0.8065,1.1935,0.8387,0.8387,0.8387
123,doctor,2.8571,5.5714,1.2143,0.4643,1.0000,5.4643,1.4643,2.1429,2.3929,1.8929,1.7857,0.7857,0.5000,2.1429,1.2500
62,dog,0.6774,1.9355,0.6129,1.2903,0.3548,3.5806,2.8065,3.9355,0.7097,4.0968,0.3226,0.4839,0.3226,1.6129,1.5484
280,dolphin,0.4333,1.8333,0.2333,0.1000,0.4333,1.7667,1.2667,4.5000,0.1667,3.7000,0.1667,0.1000,0.1000,0.5000,1.2667
96,door,0.7857,0.0714,0.3571,0.0000,0.3214,2.2857,0.8929,0.7500,0.0357,0.2143,0.0357,0.0000,0.0000,0.1071,0.3214
267,downpour,0.4138,0.0000,0.0000,0.1724,0.0000,2.3448,3.1724,2.0000,2.4138,2.1724,1.6207,0.9655,0.1724,1.7241,2.1724
194,drank,0.9677,1.6452,0.1613,4.9355,0.6774,3.6774,1.4194,3.9032,0.1290,2.4839,0.5806,0.1935,0.3548,0.0645,0.1290
353,dread,1.4138,0.3103,0.4138,0.9310,4.5517,0.5172,2.8621,0.3793,5.6552,0.0000,3.9310,2.2759,2.0690,5.1379,2.0000
195,drew,1.5161,3.9355,2.9032,2.0968,4.0323,2.5484,0.0645,3.7419,0.2258,2.7097,0.4194,0.1935,0.1935,0.0968,0.3226
124,driver,2.5185,5.9259,0.6296,1.8519,1.9630,3.6667,2.9259,2.5185,0.6296,1.2963,0.1852,0.7037,0.0370,0.8519,0.5185
196,dropped,0.6667,1.0667,0.3000,1.5667,0.6333,0.1667,3.1333,0.1667,3.2000,0.1000,1.7667,1.9333,0.8000,1.5667,3.4000
392,drum,2.0000,0.0645,2.4839,0.4194,1.5161,1.4516,0.2581,3.8710,0.3548,2.7742,0.1613,0.2581,0.0645,0.1290,1.5806
63,duck,0.2143,1.0000,0.2143,0.1786,0.1786,0.8929,0.6786,2.5714,0.3214,1.8214,0.1429,0.1429,0.3214,0.2143,0.6071
8,dusty,0.0370,0.0370,0.0000,0.0741,0.4444,0.0741,0.8889,0.0741,3.1111,0.1111,0.5556,0.1852,1.8889,0.0741,0.0000
125,editor,2.4333,5.6000,2.5667,0.7667,1.9667,3.4333,0.8333,1.9000,0.8333,1.4333,0.8333,0.9333,0.7667,0.6667,1.2000
64,egg,0.0968,0.0645,0.0968,0.2258,0.0645,2.8710,0.4839,2.6129,0.1290,1.5806,0.0968,0.0323,0.2581,0.0323,0.0323
323,eggplant,0.4483,0.0690,0.1034,0.2414,0.1379,1.8276,0.0345,2.1379,0.7931,1.0000,0.1034,0.0345,0.9310,0.0345,0.3103
43,election,4.7241,2.5172,3.5172,1.6207,2.4828,4.3103,1.7241,2.0000,2.0345,2.0000,1.4828,2.2759,1.5172,1.2759,2.4483
281,elephant,0.4194,1.1613,0.2581,0.1290,0.1935,1.2258,3.2258,2.8065,0.3226,2.2581,0.2258,0.0645,0.4194,1.5484,1.0645
442,elevator,1.2333,0.0667,0.2667,0.0333,0.1000,4.0333,1.5667,1.3667,0.4000,0.5667,0.1000,0.0333,0.0000,0.7000,0.1667
324,elm,0.1481,0.1481,0.0741,0.0741,0.1111,2.8148,0.7407,3.5185,0.0741,2.1852,0.2222,0.0000,0.0000,0.0741,0.1481
157,embassy,3.1154,2.3462,3.0385,0.0385,1.4615,4.4231,1.1538,1.6923,0.4231,1.0385,0.1538,0.5385,0.1923,0.1923,0.1538
247,embrace,5.7931,1.3793,3.8276,1.1379,1.1034,3.9310,0.3793,4.8276,0.1724,5.0690,0.5517,0.0690,0.1034,0.0690,1.6552
9,empty,0.4348,0.2174,0.2174,0.3478,1.0435,0.2174,0.3043,0.1739,2.2174,0.1304,3.8261,0.7826,0.6522,1.7391,0.4783
197,ended,1.3043,2.0000,0.5652,1.3478,1.5652,1.4783,2.2174,1.0000,2.2609,1.0000,2.2609,1.6087,0.6087,1.2174,1.8261
126,engineer,1.7586,5.8276,0.6207,0.7586,2.3793,4.9310,1.1034,2.3448,0.4138,1.3793,0.1379,0.2759,0.0345,0.4138,0.7586
354,envy,3.1429,1.1071,1.5000,1.5357,4.7143,0.3571,3.4286,0.1786,4.5000,0.1071,3.2143,3.8929,2.8571,1.2857,1.3929
514,era,1.7826,0.4348,0.1304,0.3478,0.5652,0.4783,0.2174,1.0000,0.5217,0.9130,0.4783,0.3478,0.2174,0.3478,0.4783
443,escalator,1.4333,0.0333,0.0667,0.0667,0.1667,4.0667,1.5667,1.9667,0.3333,0.7333,0.0333,0.1000,0.1667,0.5667,0.3667
498,etiquette,5.4138,0.8966,3.7586,4.0690,4.2414,4.5517,0.0690,4.0000,0.2069,3.1034,0.0345,0.1034,0.0345,0.1034,0.7931
515,evening,0.2069,0.0000,0.0345,0.1724,0.0345,0.7586,0.1034,3.3103,0.1724,2.2069,0.5172,0.0345,0.0000,0.9655,0.1034
499,excuse,4.7000,1.0000,4.4667,0.9000,4.3667,1.7000,3.0000,0.3000,3.1000,0.4667,2.3000,3.3667,2.1333,0.6667,2.1667
10,expensive,0.3000,0.3500,0.0500,0.8000,0.0500,2.0500,0.2000,2.5000,0.7000,2.2500,0.9000,0.7000,0.6000,0.3000,1.2500
535,explosion,0.6897,0.2069,0.4138,0.0000,0.1034,0.6552,5.6207,0.3103,4.5517,0.2759,2.9655,2.5517,2.0690,4.7586,5.0345
296,eye,1.9000,0.6333,3.6333,3.9667,1.7667,4.0000,0.2667,3.1333,0.2000,1.9667,0.5333,0.4000,0.2333,0.4667,0.7667
459,fallacy,2.5517,1.2759,2.0345,0.8621,3.6552,0.6552,3.1724,0.1724,3.5172,0.1379,2.4828,3.1034,1.8621,2.0690,1.7586
65,family,4.2500,5.4286,1.8214,4.6786,1.4286,4.6071,1.6071,4.5000,1.2143,4.9286,1.4286,1.7857,0.5357,0.6429,2.4286
11,famous,2.1111,1.7778,1.0370,0.9259,1.4815,2.2963,0.5185,3.0741,0.6667,2.0741,0.1852,0.0741,0.2963,0.0000,0.6296
411,farm,2.1290,0.4194,0.1935,0.3548,0.2903,4.7097,0.6129,2.8387,0.4516,2.1290,0.1935,0.1613,0.3548,0.2258,0.1613
127,farmer,1.3214,5.3571,0.6071,0.6429,0.7857,4.5000,0.6786,2.7857,0.3214,1.8214,0.1786,0.2143,0.1071,0.1071,0.1786
460,fate,1.9200,1.9200,0.5200,2.1200,2.3200,3.2400,2.7600,1.8800,2.2400,2.3600,2.3200,2.0800,0.6400,2.7600,3.0000
423,faucet,0.3000,0.0333,0.0667,0.2000,0.2000,3.0000,0.2333,1.7667,0.1000,0.7333,0.0667,0.0333,0.0333,0.0667,0.0667
239,feared,2.6429,2.3571,1.8929,1.7143,3.8929,0.6071,4.0000,0.2857,5.6786,0.1071,2.6786,2.5000,2.8571,5.9286,3.5000
97,feather,0.0690,0.0345,0.3448,0.1034,0.0345,0.4828,0.0345,2.2414,0.1724,1.3103,0.1034,0.0345,0.0690,0.0690,0.1379
198,fed,2.4483,2.5517,0.2759,4.2069,1.0000,4.5517,0.6207,4.0345,0.2759,3.2759,0.1034,0.0345,0.2414,0.1034,0.2414
461,fee,2.2593,0.0370,0.5185,0.0000,0.3704,1.7037,0.9630,0.1481,4.0370,0.1852,1.8889,2.8889,1.3704,0.7037,1.3704
98,fence,0.3793,0.0345,0.2414,0.2759,0.0690,2.3793,0.6552,1.0345,0.4138,0.4138,0.1379,0.3448,0.0345,0.1724,0.1724
525,festival,5.4483,0.6897,1.5862,0.3448,0.6897,2.3793,0.3103,5.4483,0.2414,5.2759,0.0345,0.0690,0.0690,0.0690,2.0690
393,fiddle,1.5714,0.0357,1.7143,0.3214,1.3929,1.6786,0.2857,3.3929,0.2143,2.7143,0.7500,0.0714,0.0000,0.0000,0.5357
158,field,0.7931,0.1034,0.2069,0.2759,0.3103,1.3448,0.3448,3.3103,0.2069,1.8966,0.1379,0.1034,0.1379,0.4483,0.2414
297,finger,0.8276,0.7931,3.7931,3.0345,0.6207,3.3793,1.7586,1.8966,0.1034,1.2759,0.0345,0.2414,0.2069,0.1034,0.2414
518,fireworks,2.4286,0.1071,0.7500,0.2143,0.2143,1.1071,3.3929,4.4643,0.7143,3.9643,0.1786,0.2143,0.1429,1.0000,3.5357
66,fish,0.1429,0.4286,0.0357,0.3214,0.0000,2.4643,0.8214,2.5000,0.7857,1.5714,0.0000,0.0000,0.8929,0.2143,0.8571
199,fixed,1.9310,3.9655,1.2414,2.8966,3.5172,4.9310,0.5862,2.2759,0.5517,2.2069,0.1724,0.2069,0.1034,0.1034,0.6207
200,flew,1.0357,1.7857,0.9643,1.1429,0.7857,2.6429,1.1786,2.5000,0.6786,1.6429,0.1071,0.0357,0.0357,1.0714,0.2500
44,flood,0.2759,0.0000,0.0345,0.0000,0.0000,0.0345,5.4828,0.2069,5.2759,0.0000,3.5862,2.1034,0.9655,4.2069,3.1034
67,flower,1.0968,0.0645,1.4839,0.2903,0.2581,2.2258,0.4516,5.0323,0.0323,4.1935,0.2258,0.0000,0.0000,0.0968,1.2581
394,flute,1.2414,0.1379,1.1724,0.4828,1.6897,1.4483,0.3103,4.2759,0.1034,3.2414,0.5172,0.0690,0.0000,0.1034,0.5517
462,folly,2.7857,0.5714,0.7857,0.9643,3.6071,0.7500,3.3929,0.3929,3.7857,0.3571,2.1071,2.5000,1.9286,1.5000,2.1786
298,foot,0.3333,0.4333,0.6667,2.3333,0.6667,2.7000,1.9333,1.1000,0.9667,0.7333,0.1000,0.1667,1.4000,0.2333,0.1667
99,football,3.7500,0.0357,0.4286,0.8214,0.9286,1.0000,1.2857,2.6429,0.1429,1.6071,0.1786,0.2500,0.1429,0.1429,0.6786
159,forest,0.5000,0.0714,0.1071,0.5714,0.0000,3.3214,0.9286,3.8214,0.1429,3.0000,0.0000,0.0357,0.1071,0.7500,0.3929
201,found,1.5926,2.8519,1.0000,2.7037,2.2222,4.3704,0.6296,3.4815,0.2222,3.9630,0.2593,0.2963,0.1852,0.4444,3.2963
412,fountain,0.9286,0.0000,0.2500,0.1071,0.1071,1.8929,0.3571,4.5357,0.0000,3.5000,0.0714,0.0357,0.1071,0.0714,0.6786
12,friendly,5.2258,3.3548,4.3548,4.4194,3.1290,4.0645,0.0968,5.4839,0.0323,5.1290,0.0645,0.0968,0.0000,0.0323,0.4839
355,fun,4.1481,0.5185,1.7407,3.1852,3.7407,4.0741,0.5185,5.7407,0.0741,5.8148,0.0741,0.0000,0.0370,0.1111,2.0000
248,funeral,5.3125,0.4375,1.4063,0.3125,1.0000,1.3125,0.9688,0.0938,4.9063,0.1563,5.6563,1.9688,1.5000,3.0313,1.1875
413,garden,0.8214,0.1786,0.2500,1.0000,0.5714,4.1429,0.3571,5.0714,0.0714,3.9643,0.1429,0.0714,0.0714,0.0714,0.5357
258,gasp,1.6774,0.2581,3.2258,0.0323,0.9355,0.2581,0.2258,0.2581,1.6452,0.4839,0.8065,0.5161,0.4194,1.8710,3.6129
202,gave,5.5806,4.1613,3.7097,3.7097,1.4516,5.0000,0.8710,3.4516,0.4194,2.8710,0.3871,0.3871,0.2903,0.1613,2.1935
68,girl,1.3448,5.7241,0.5517,2.3103,1.0345,2.5517,1.7241,4.1379,0.3793,3.3448,1.1724,1.1724,0.3103,1.2414,1.4828
100,glass,0.4286,0.0000,0.1786,0.3571,0.0357,1.3929,2.2143,1.1429,0.0714,0.3929,0.0714,0.0000,0.0000,0.0714,0.0714
282,goldfish,0.0938,0.3750,0.1250,0.0313,0.0625,1.0625,0.1250,3.2813,0.4063,2.3438,0.0938,0.0625,0.2500,0.0625,0.2188
395,gong,1.5172,0.0000,3.1034,0.0345,0.0690,0.8621,0.5172,1.5862,1.4828,0.8966,0.1379,0.5862,0.1034,0.5517,2.5172
356,gratitude,4.4000,1.4000,3.6667,3.0000,4.4000,4.3333,0.1333,5.0333,0.0333,5.2333,0.0667,0.0333,0.0000,0.0333,2.0000
32,green,0.4444,0.0741,0.2593,0.4074,0.1481,0.5926,0.2222,1.2593,0.6667,0.6667,0.2222,0.2963,1.0741,0.2222,0.2593
203,grew,0.4400,1.2800,0.2800,2.2400,0.8400,2.7600,0.3200,1.9200,0.3200,1.4800,0.2000,0.2400,0.0400,0.3200,0.5600
357,grief,2.0714,0.5357,1.3571,0.8571,4.8571,0.5357,2.6071,0.0714,5.4643,0.0000,5.6429,2.3571,0.9643,2.6786,1.3214
500,grievance,4.7407,1.5185,3.8519,0.8148,4.0370,2.1481,3.8148,0.2963,4.8519,0.2222,3.7037,3.7778,1.9259,2.4815,2.6296
128,guard,2.5926,5.6296,1.1481,0.2963,0.8148,4.1852,2.1852,1.1481,0.8519,1.1111,0.2593,0.7778,0.2222,1.7407,1.2222
358,guilt,2.4333,0.7667,1.1667,1.7000,5.1667,0.7333,3.1333,0.0333,5.3333,0.0000,4.4333,3.1000,3.2000,2.2667,1.0333
371,gum,0.1429,0.0000,0.0357,0.0357,0.0714,1.0714,0.3571,3.1786,0.2857,1.9643,0.0000,0.0357,0.4286,0.0000,0.1429
259,gunshot,3.1034,0.9310,1.1724,0.3448,0.3793,1.5517,5.7931,0.4138,4.6207,0.3793,3.3103,3.5172,2.5172,4.8966,5.1724
268,hailstorm,0.5000,0.1333,0.0000,0.0000,0.0667,0.1000,4.7667,0.6000,4.0667,0.3000,2.0000,1.7667,0.6333,2.7667,2.7333
299,hair,0.8276,0.0345,0.4138,4.1724,0.0000,2.1379,0.3448,3.2069,0.7931,2.3448,0.3103,0.5517,0.5862,0.1724,0.5172
424,hairbrush,0.5333,0.0667,0.0667,1.2333,0.3000,3.0667,0.7000,2.1667,0.4000,1.6667,0.0333,0.1000,0.1333,0.1000,0.0667
160,hall,1.0800,0.2400,0.6400,0.2000,0.1200,1.2800,0.2400,0.7600,0.2000,0.2800,0.1200,0.0400,0.0800,0.2000,0.5200
372,ham,0.9310,0.1034,0.0345,0.0345,0.0345,1.7931,0.3103,3.6207,0.1724,2.5517,0.0345,0.0690,0.1034,0.0000,0.0000
283,hamster,0.6207,0.8966,0.1379,0.1724,0.1379,1.2759,0.6552,3.3103,0.6552,3.0000,0.2414,0.1379,0.5517,0.4138,0.9655
300,hand,1.6667,0.4333,4.0000,3.0667,0.5000,3.2333,3.7000,1.9333,0.2667,1.3333,0.1667,0.2333,0.3000,0.6333,0.4000
249,handshake,5.6667,1.3333,4.7576,1.1818,1.3333,2.1515,0.3030,3.1212,0.4242,3.1515,0.1515,0.1212,0.3636,0.3333,0.5758
37,happy,3.5862,2.3793,2.4138,3.1379,3.6207,2.4828,0.0690,5.4483,0.0000,5.7931,0.1379,0.0000,0.0000,0.0345,1.6552
396,harmonica,1.2759,0.1724,1.4828,0.3448,1.3103,1.1724,0.1724,4.0000,0.2069,3.1379,1.0000,0.1379,0.1034,0.0345,1.1379
397,harp,1.6897,0.0690,1.6552,0.2414,1.6207,1.4828,0.1724,4.6207,0.1034,3.2414,0.5517,0.0690,0.0690,0.1379,0.3793
284,hawk,0.0968,0.9032,0.2258,0.1290,0.3548,0.8065,2.0323,1.5484,0.5484,1.0645,0.2581,0.3871,0.2903,1.3226,1.1613
13,heavy,0.4828,0.1034,0.5862,1.0690,0.6552,0.3793,1.7241,0.2759,1.2069,0.2759,1.1034,0.6207,0.5172,0.3793,0.2414
204,held,2.2963,2.3333,0.7407,3.4815,0.3704,1.7407,0.5926,2.4444,0.5556,1.9259,0.7037,0.3704,0.2593,0.5556,0.3704
205,helped,5.2692,4.6923,3.2308,3.6154,3.0385,5.7308,0.1538,4.1538,0.5385,3.6154,0.3462,0.1923,0.0769,0.5385,1.3846
463,heredity,1.3214,1.4643,0.3214,4.4643,1.3214,3.0714,1.4643,1.4286,0.6429,1.3214,0.4286,0.2857,0.2143,0.6071,0.6786
501,heroism,4.2333,2.5000,1.5667,1.9333,3.1000,5.7000,0.4667,4.3333,0.0667,4.8667,0.4333,0.0667,0.0000,0.3667,3.1000
464,hierarchy,3.9200,1.2800,1.4800,1.4400,1.5200,2.4800,1.4400,0.8800,1.6000,0.8400,1.0000,1.6800,0.9200,1.0800,0.4800
161,highway,1.8387,0.2581,0.7419,0.4194,0.2258,3.6452,1.7097,0.8710,0.8710,0.5161,0.3871,0.5806,0.1613,0.6452,0.4839
206,hiked,2.2333,3.6333,0.4667,2.6000,1.3000,3.0000,1.2333,4.0000,0.5667,2.6333,0.0667,0.0333,0.0333,0.5667,0.2333
425,hoe,0.3793,0.1724,0.1379,0.0690,0.3793,3.8276,2.6207,1.2414,0.7931,0.8621,0.1034,0.1379,0.1379,0.1724,0.1724
414,home,1.2414,0.0000,0.4483,3.2759,0.3103,3.6897,0.3103,4.2759,0.1724,4.6552,0.3103,0.2414,0.0345,0.1724,0.1724
373,honey,0.2500,0.0000,0.0000,0.1071,0.0357,3.1786,0.6071,4.6071,0.1429,3.4643,0.0000,0.0000,0.1786,0.0714,0.2500
250,honeymoon,6.0000,1.3667,1.7667,1.0333,1.0000,3.2000,0.2667,5.6000,0.0667,5.4000,0.0333,0.0333,0.0333,0.0667,1.5667
339,hope,2.2333,1.8333,1.4000,3.3333,5.1000,4.9333,0.4000,4.4000,0.1333,4.7667,0.5333,0.1333,0.1000,0.4333,1.5667
69,horse,0.4286,1.0357,0.4286,0.0357,0.3214,2.5714,1.5357,2.7857,0.0714,2.1429,0.0000,0.0357,0.1071,0.3214,0.3571
162,hospital,2.9032,0.5806,0.7097,0.5484,0.9677,5.4516,1.6129,0.5161,3.6129,0.7097,2.7419,1.1613,1.6774,2.4839,1.3226
14,hot,0.8276,0.0000,0.2414,0.3103,0.2759,1.4828,3.8276,1.7241,2.7586,0.4828,0.3448,2.3793,0.5172,0.7241,0.8276
163,hotel,2.3667,0.3667,0.3667,0.1667,0.1667,3.2000,0.2000,3.4667,0.3667,1.9333,0.2000,0.2000,0.2667,0.2667,0.3667
45,hurricane,1.0667,0.2000,0.0667,0.0333,0.1000,0.0333,5.7667,0.1333,5.2667,0.0667,3.2000,1.7333,1.2333,4.8667,3.1667
465,hygiene,1.0345,0.4828,0.5172,4.4828,1.3793,5.1379,0.6552,4.2759,0.6897,3.1724,0.1379,0.1034,1.1034,0.1379,0.3103
374,ice,0.1786,0.0000,0.0000,0.1429,0.0000,2.2143,1.8214,2.1786,0.7500,0.7143,0.0714,0.0000,0.0000,0.5357,0.2857
466,infinity,0.3077,0.0385,0.2692,0.0769,1.3462,0.3846,0.2308,1.1923,0.3462,0.8846,0.5000,0.1154,0.0000,1.2308,1.1538
15,injured,1.7333,0.5667,0.4667,0.4667,0.6667,0.0333,3.2333,0.0000,4.9667,0.0000,3.2333,2.4333,1.7333,2.6667,1.6000
251,insult,4.8966,1.0690,4.2414,1.0000,3.4138,0.3448,3.8621,0.2414,5.5517,0.0690,4.4828,5.3793,3.8276,1.8966,3.3448
340,intellect,2.2143,2.0357,3.3929,5.0000,5.8214,5.1429,0.9643,4.3571,0.2143,4.5357,0.1786,0.3571,0.1786,0.2857,1.2143
207,interviewed,5.9032,4.8065,5.6774,1.6129,4.3226,3.2903,1.1290,1.0323,2.2258,1.3226,0.7097,0.8387,0.6452,1.5806,1.5484
359,ire,2.8077,0.8077,2.3462,0.8846,4.2308,0.5000,3.9231,0.0769,5.0000,0.0385,2.3077,5.0385,1.8846,2.5769,2.1538
467,irony,2.6667,0.5000,2.2333,1.4000,3.8667,1.1333,1.1333,1.6000,2.1333,1.2333,1.7667,1.9333,1.1333,0.6333,3.0000
164,island,0.5417,0.0833,0.2083,0.3750,0.3333,1.4583,0.2083,4.1667,0.1667,3.3333,0.2083,0.0833,0.1250,0.0833,0.4167
325,ivy,0.0000,0.1000,0.1000,0.0667,0.0333,0.3667,1.5667,1.3333,1.9000,0.8000,0.5667,0.7000,0.5333,0.4333,0.3667
375,jam,0.2333,0.0000,0.1000,0.0333,0.0000,1.3333,0.2333,3.6667,0.3000,2.4667,0.0000,0.0000,0.2667,0.0000,0.1000
301,jaw,0.8667,0.4000,5.3333,2.9667,0.5000,2.8000,1.4667,1.4000,0.3000,0.7000,0.2667,0.2667,0.2333,0.2333,0.2333
360,jealousy,3.8276,1.1724,2.0690,0.7586,5.1379,0.2069,3.5172,0.1724,5.0690,0.0345,3.4828,3.7241,2.8621,2.1379,1.9655
252,joke,4.4138,0.9310,4.0345,2.0690,3.4828,2.9310,1.4138,4.0000,1.1724,5.1724,0.5172,1.1379,1.1379,0.4138,3.2069
129,journalist,3.4333,5.9000,3.4667,0.6333,2.3667,3.6667,2.1000,2.1667,1.4333,2.1333,1.2667,1.8000,1.2333,0.9333,2.5333
361,joviality,3.8621,1.4138,2.7931,3.4138,4.1379,3.9310,0.2069,4.6897,0.1379,5.5172,0.0690,0.0000,0.3103,0.2414,2.4138
362,joy,2.6552,0.9655,1.5517,2.9655,4.3793,4.0345,0.0345,5.6207,0.0000,5.6897,0.0000,0.0345,0.0345,0.0000,2.1034
130,judge,2.8929,5.0357,1.9286,0.3571,1.7143,3.7500,2.5714,1.0714,2.2500,0.8214,1.6071,1.9286,1.0357,2.5714,1.8214
415,jungle,0.4828,0.0690,0.2069,0.2069,0.2069,2.1379,2.3448,2.1034,1.2759,1.4828,0.5172,0.2069,0.2414,2.5172,0.9655
70,jury,5.5556,5.2593,2.9259,0.9630,3.0000,3.7037,2.5926,0.8889,2.5926,0.6296,1.7037,1.8148,0.8519,2.0741,1.7407
376,ketchup,0.4138,0.0000,0.1034,0.1724,0.1724,1.4138,0.2414,2.7931,0.2759,1.9655,0.0345,0.0000,0.1724,0.1034,0.1034
426,key,0.2667,0.0667,0.1333,0.1000,0.1000,3.4000,0.4333,0.6333,0.0667,0.5667,0.0667,0.1000,0.0667,0.0667,0.1667
427,keyboard,2.0690,0.3103,5.2414,0.6897,1.3103,3.1379,0.3793,1.6552,0.3103,1.1034,0.2069,0.1724,0.1379,0.1724,0.2069
208,kicked,2.3929,2.2857,0.5000,1.1429,0.9643,0.9643,4.6071,0.8929,2.6071,0.7857,0.8214,3.3929,0.8929,1.3929,1.8929
526,kiss,5.6154,1.1154,3.4615,0.8077,1.1154,2.8846,0.2692,5.5000,0.3077,5.3077,0.1923,0.1923,0.3846,0.1923,2.5000
416,kitchen,1.9655,0.4483,0.8966,1.2759,1.0000,3.7241,1.1724,3.5517,0.2414,3.1724,0.1379,0.1379,0.2414,0.1034,0.4138
341,knowledge,2.1786,1.4643,3.1786,4.4643,5.3929,5.2500,1.6071,4.2500,0.4643,3.5714,0.5714,0.5357,0.3214,0.7857,1.7500
152,lab,3.2414,1.0345,0.8621,0.1724,2.2069,4.8276,1.8276,1.3103,0.3448,0.6897,0.2414,0.0690,0.4483,0.7241,0.7931
165,lake,0.5172,0.0000,0.2759,0.4483,0.0690,2.1724,1.8276,3.6552,0.0345,2.9655,0.2069,0.0000,0.0000,0.5517,0.2414
209,landed,0.4615,1.2308,0.4615,1.0385,0.6154,1.0385,1.5385,1.6538,0.2692,0.7692,0.0000,0.0385,0.0385,0.8846,0.9615
269,landslide,0.6000,0.0333,0.1333,0.0000,0.1000,0.1000,5.7000,0.1333,5.2000,0.1000,3.0667,2.5333,1.6333,4.8667,4.4000
210,laughed,3.8667,1.8667,2.6333,4.1333,2.0333,3.0333,0.4333,5.0333,0.0333,5.9000,0.0333,0.0667,0.0667,0.0667,1.9000
468,law,3.1333,1.3667,1.8333,0.9000,1.7667,4.7000,1.9000,1.6000,1.5667,1.1000,1.1333,1.6000,0.7667,1.9333,0.9333
131,lawyer,1.2759,5.8621,1.8966,0.3103,1.5517,3.5862,2.7241,0.8966,2.3448,0.7241,1.3103,2.0690,1.5172,1.4483,1.0345
211,left,1.8966,2.9655,1.3793,2.6552,1.4138,1.5172,0.8276,1.0690,1.0345,0.7586,1.2069,1.2759,0.6897,0.8966,1.4483
302,leg,0.8000,0.6667,0.7000,3.5667,0.7000,2.9000,1.8667,1.9333,0.1333,1.5667,0.0333,0.0333,0.0667,0.1333,0.1333
469,legality,3.4444,1.2222,2.0000,0.7778,2.4444,3.7407,2.0741,0.7037,1.4815,0.8148,1.1852,1.2593,0.8519,1.8148,1.1852
377,lemonade,1.1000,0.1333,0.3333,0.3667,0.0333,2.1000,0.2667,4.6667,0.1000,3.6333,0.0333,0.0333,0.1000,0.0000,0.4333
270,lightning,0.1290,0.0645,0.1935,0.0645,0.1290,0.1613,4.8065,1.2258,3.0000,0.8065,0.4516,0.3548,0.2258,4.0968,3.8710
240,liked,2.2143,3.3214,2.0714,4.5000,4.1071,2.8214,0.2500,5.4643,0.0714,5.5000,0.1429,0.0714,0.0357,0.1071,1.5000
444,limousine,2.6786,0.1071,0.6786,0.2500,0.1071,2.2143,1.8214,3.4286,0.2500,3.3929,0.2857,0.2500,0.1786,0.1429,2.1429
303,lip,2.5172,0.7586,5.0345,3.0000,0.4138,1.9310,0.7241,3.0690,0.3103,2.0000,0.1724,0.2414,0.2414,0.2414,0.7241
212,listened (to),4.7931,3.1034,5.4828,4.6207,3.9655,3.2414,0.5517,2.2069,0.6207,1.5862,0.4138,0.5172,0.2069,0.4138,1.0345
238,lived,2.7586,3.8276,2.0345,5.3793,2.2759,3.9655,0.6897,4.1724,0.3793,3.1724,1.1724,0.8621,0.5862,0.7241,0.8621
502,loan,4.4000,0.2400,1.0000,0.6800,0.6000,4.5200,1.5600,1.2000,1.9200,1.5200,0.9200,1.0800,0.4800,1.4000,0.5200
38,lonely,1.9200,1.2000,1.1200,2.1200,3.2400,0.1600,1.5200,0.1200,3.9600,0.5600,5.6000,1.2800,1.0800,1.6000,0.1600
16,long,0.9630,0.2222,0.9630,0.2222,0.6296,0.5185,0.4444,0.9630,1.0741,0.1481,1.1852,0.1852,0.2593,0.3333,0.2593
213,lost,0.7692,1.8077,0.8846,1.3846,2.3846,0.2308,2.6154,0.1538,4.8462,0.1154,3.9231,3.0000,1.7692,3.5769,3.2308
17,loud,2.5667,0.6333,3.7333,0.6333,0.5000,0.8667,1.7000,0.8000,3.5333,1.2000,0.7333,3.0000,0.8667,1.9000,2.6000
348,love,5.4828,1.2759,4.1379,3.5517,4.5172,4.9310,1.7586,5.4828,0.5172,5.7241,1.5517,1.1034,0.5517,1.2069,2.2759
470,luck,1.1111,0.2593,0.3704,1.9630,1.9259,4.5926,1.0000,4.5556,0.4074,5.0741,0.7037,0.5926,0.2963,0.6667,3.4074
363,lust,4.5357,1.1786,1.8214,1.8929,5.0714,2.3214,2.1071,4.1071,0.9643,3.5714,0.5714,0.5714,1.1071,0.9643,2.0000
101,magazine,0.6207,0.2759,3.2414,0.6552,1.4138,2.1724,0.2414,2.6552,0.2069,2.3448,0.4483,0.3448,0.2069,0.0345,0.7931
471,majority,3.4444,2.5185,1.6296,1.3704,0.6667,2.3704,1.6667,1.3333,0.6296,1.3333,0.5556,1.0370,0.5556,1.0000,0.7407
364,malice,4.5000,2.1429,2.3214,0.4643,5.0357,0.2500,5.1429,0.4286,5.3929,0.0357,3.4286,4.6786,3.5000,3.6429,2.0714
71,man,1.0345,5.7931,0.8621,3.9655,1.2759,3.3793,3.3793,2.3103,0.8621,2.3793,0.9310,1.1034,0.6552,0.8966,1.3793
398,mandolin,2.0333,0.2000,2.2000,0.3667,1.5000,1.8667,0.1667,4.1000,0.3667,3.1000,0.7000,0.1000,0.0667,0.1000,0.9000
214,marched,3.6296,3.3704,1.1481,0.4815,1.0741,1.5926,0.9259,0.9630,0.8519,1.5556,0.4074,0.8519,0.0741,0.4444,0.4815
527,matinee,3.4444,0.6667,1.6667,0.1852,1.4444,2.2222,0.0741,3.8148,0.5185,3.5926,0.8519,0.4444,0.1481,0.3704,1.1481
132,mayor,2.0690,5.5862,1.5862,0.1379,1.0000,3.6552,1.7586,1.9655,1.3793,1.1034,0.6207,1.1034,0.6552,0.5517,0.8966
102,medicine,1.0345,0.1034,0.1724,0.1724,0.4138,5.7586,2.4828,1.4828,2.4138,2.1379,0.8966,0.7241,1.1034,1.2414,0.2759
46,meeting,6.0000,2.3793,5.5172,0.4828,2.8276,3.7931,0.7931,1.2414,1.4828,0.6897,0.6207,0.7241,0.2759,0.5517,0.7931
428,megaphone,2.7000,0.3000,5.4667,0.1333,0.4000,2.2000,0.9333,0.8000,1.7333,0.8333,0.1667,1.0000,0.3000,0.9000,2.8000
503,mercy,4.5385,1.5385,2.1538,2.4615,3.8462,4.5385,0.5385,3.2692,0.2692,2.9615,0.7692,0.3846,0.2692,0.3077,1.3462
215,met,5.8710,3.2903,4.7097,3.6129,2.3871,3.0968,0.5161,3.3226,0.4194,2.4516,0.0000,0.0645,0.0000,0.2258,1.0323
133,minister,2.1034,5.7241,1.3103,0.8621,1.2759,4.3448,1.2069,2.6552,0.9655,2.1379,0.6552,0.6207,0.5862,0.6552,0.8276
72,mob,5.0333,5.0000,2.5000,0.2333,1.6000,1.5000,5.0000,0.7000,4.1333,0.3667,2.0000,3.0667,2.0667,4.4667,2.5000
285,monkey,0.1852,2.8889,0.2963,0.3704,0.1852,1.4074,2.6296,2.7037,0.5926,1.8519,0.0741,0.1852,0.4444,0.8519,1.1481
286,moose,0.0345,1.2414,0.0000,0.0690,0.2069,1.1034,3.1379,2.3793,0.4483,1.3103,0.1034,0.1724,0.1034,1.6207,1.6552
504,moral,2.3793,2.0345,2.5517,4.0690,4.3103,5.4138,0.8966,3.6897,0.7586,3.2759,0.8276,0.5862,0.5172,0.4828,1.3103
175,morning,0.9231,0.0385,0.1154,0.6923,0.2692,1.3846,0.1154,3.6923,0.8077,3.0000,0.3846,0.6154,0.2308,0.3077,0.1923
287,mosquito,0.2333,0.6333,0.0667,0.0333,0.2000,0.1667,4.2000,0.2333,5.5000,0.0667,1.4333,2.9667,3.1000,2.0000,1.9667
342,motive,2.2414,2.4483,1.0345,1.7586,4.9310,3.0345,2.4828,1.1379,1.2414,1.0690,1.0000,1.4138,0.8621,1.0345,1.0000
166,mountain,0.5862,0.4138,0.0690,0.6552,0.3448,0.6552,1.1379,2.9655,0.2069,1.8966,0.0690,0.0345,0.0690,1.0345,0.3793
73,mouse,0.1563,1.2188,0.0313,0.0313,0.0938,0.2500,2.0938,0.5313,3.4375,0.3750,0.1875,0.9063,2.7500,2.0000,3.0938
304,mouth,2.1429,0.9643,5.5714,3.1429,1.2857,2.7143,2.1429,1.6786,0.3214,1.4286,0.5714,0.7500,0.6429,0.3571,0.6786
305,muscle,0.4828,0.4138,1.3793,2.6897,0.7931,3.7931,2.0690,1.7931,0.4138,1.2069,0.1379,0.1034,0.3448,0.8276,0.4138
326,mushroom,0.1379,0.0000,0.0690,0.1724,0.1379,1.8966,1.7241,2.1379,1.3448,1.0690,0.1724,0.1379,1.4483,0.4138,0.1724
528,musical,4.5769,0.7692,2.7308,0.5385,1.6154,2.4615,0.2692,3.8846,0.5385,3.8462,1.1538,0.4615,0.1538,0.3846,1.7692
378,mustard,0.6667,0.0333,0.0667,0.3000,0.4000,1.2333,0.4000,3.2667,0.6000,1.8000,0.0000,0.0667,0.3333,0.0333,0.5000
472,mystery,3.1111,0.9259,0.8148,0.6667,3.5185,1.5556,2.1111,1.2222,2.1111,1.3333,1.5556,1.2963,0.7407,2.9630,4.2222
216,negotiated,5.8438,5.1875,5.3750,1.5625,5.0625,4.1250,1.4375,1.3125,1.6875,1.2500,0.5938,1.0000,0.4063,0.7500,1.1250
18,new,0.4138,0.6207,0.2759,0.8966,0.6207,1.7586,0.3448,3.0345,0.1379,2.7931,0.1379,0.2069,0.1034,0.7586,1.4483
103,newspaper,1.6333,0.5000,4.4667,0.6333,1.9667,3.1333,0.6667,2.3000,1.1667,2.0000,1.8667,1.4000,1.0667,1.0000,2.0333
176,night,0.1481,0.0000,0.0741,0.3333,0.0741,1.6296,0.8148,3.2963,0.3704,1.7407,0.7037,0.0741,0.0370,2.0741,0.0370
306,nose,0.3000,0.2667,1.0000,3.6000,0.1333,2.9333,0.4667,2.0000,0.5333,0.7000,0.0667,0.0667,0.6667,0.0667,0.1333
473,noun,1.0588,0.1176,4.8235,0.5882,2.0588,2.7059,1.0000,1.5294,0.6471,1.4118,0.5882,0.6471,0.4706,0.2353,0.7059
474,number,0.8462,0.0385,3.3462,0.8846,3.6923,3.3846,0.6154,1.5769,0.7692,1.3462,0.7692,0.6923,0.2308,0.5000,1.0769
327,oak,0.3333,0.0000,0.0741,0.0741,0.1852,2.7778,1.0741,3.4074,0.1481,2.0000,0.2222,0.0000,0.0370,0.2222,0.0741
167,office,2.4643,0.2143,1.5357,1.1071,1.1429,2.1429,0.5000,1.1071,1.2500,0.8571,0.5714,0.7500,0.3929,0.2857,0.1429
19,old,0.2308,1.0000,0.4231,1.3846,1.9615,0.3462,0.9231,0.5385,1.5385,0.3846,1.6923,0.1154,0.5385,1.2308,0.0769
217,opened,1.0000,2.2308,0.7308,3.1154,0.4615,1.8462,0.8462,1.2692,0.1538,0.6923,0.0769,0.1538,0.1538,0.2308,0.8462
343,optimism,2.0333,1.2000,2.1667,4.0000,5.6000,4.5333,0.4000,5.0333,0.2333,5.3667,0.2000,0.2667,0.4333,0.1667,1.6333
534,oration,4.6667,1.5000,5.5333,0.5333,3.4000,3.3667,0.7667,1.9333,1.1000,1.9000,1.0667,0.9333,0.4000,0.6333,1.4000
429,pan,0.4231,0.0385,0.0385,0.1923,0.0769,2.6923,1.8462,0.5769,0.0385,0.5385,0.0385,0.0385,0.0385,0.0385,0.0769
253,parade,4.7931,1.4483,1.2069,0.1034,0.7241,1.7586,0.2069,4.6552,0.2069,4.4483,0.0690,0.0345,0.0345,0.0000,1.6207
475,paradox,1.4545,0.0000,1.3636,0.3636,2.4091,1.2727,1.3636,1.2273,1.7273,0.9545,1.0000,1.4091,0.7273,1.4091,2.9545
134,parent,2.7143,5.5714,1.6429,2.9286,1.1786,4.0357,1.2857,4.0714,1.0000,3.9286,1.3571,1.6786,0.5357,1.1071,1.6786
168,park,2.5667,0.3667,0.4667,0.5333,0.1333,3.0667,0.6333,4.2000,0.0667,3.8333,0.2000,0.2333,0.0333,0.4000,0.6333
47,party,5.9032,0.7742,2.7742,0.8387,1.2581,2.6774,0.7742,4.4516,0.2581,4.5161,0.0323,0.0968,0.0968,0.1935,2.4194
476,patent,2.4231,0.9615,1.6154,0.3846,2.4231,4.7308,0.6538,1.4615,0.1538,1.2308,0.0385,0.1923,0.1538,0.0769,0.5769
135,patient,1.1111,5.6667,0.0000,0.6667,0.5926,0.9630,1.1481,0.5556,1.6296,0.4444,2.3704,0.5926,0.6667,0.9630,0.4815
328,pea,0.3448,0.0345,0.1034,0.2069,0.1724,2.3793,0.3103,2.2759,1.0690,1.1034,0.2069,0.1724,0.7586,0.1034,0.0690
477,peace,3.8077,1.5000,1.3077,3.3462,3.6154,5.7692,0.0769,5.5000,0.0000,5.5000,0.2308,0.0000,0.0000,0.0385,0.8462
39,peaceful,4.1034,1.7241,1.9655,2.9655,3.1724,4.0000,0.0690,5.2414,0.0345,4.7931,0.3448,0.0345,0.0000,0.0345,0.3793
430,pen,0.5517,0.0345,4.2759,0.4483,0.6207,2.8966,0.9310,1.9310,0.1034,0.9655,0.1379,0.1379,0.0345,0.0000,0.0345
104,pencil,0.7667,0.2000,4.1000,0.6000,0.7667,2.7333,1.2667,1.0000,0.0333,0.6667,0.0333,0.0333,0.0333,0.0333,0.2000
288,penguin,0.0667,1.2000,0.0333,0.0000,0.0667,0.4667,0.4000,3.0667,0.0667,2.5333,0.0333,0.0000,0.0000,0.1667,0.6333
529,perjury,5.0000,1.0667,2.4000,0.2333,2.7000,0.9000,4.4333,0.0667,4.7000,0.1667,2.6333,3.5333,3.1000,1.6333,2.1000
399,piano,1.6429,0.3214,2.3214,1.0000,2.0357,3.0000,0.4643,4.7857,0.1786,3.8571,1.1429,0.3571,0.0357,0.2857,1.1429
379,pie,1.4286,0.3214,0.3929,0.4286,0.0714,2.0357,0.2857,4.7500,0.2857,4.1429,0.0714,0.0357,0.1786,0.0000,0.9643
289,pig,0.2000,1.1333,0.1333,0.2667,0.1000,2.1667,1.2667,1.9667,1.6000,1.8000,0.3667,0.2667,1.3667,0.6000,0.8333
136,pilot,1.3333,5.9259,0.9259,0.5185,1.5556,3.8519,1.9259,3.1111,0.1852,2.0000,0.1852,0.2222,0.0000,0.6296,0.5185
329,pineapple,0.3103,0.0345,0.0690,0.2069,0.0345,2.2414,0.5862,4.1724,0.1724,2.8621,0.0690,0.0345,0.2759,0.0345,0.1379
105,plane,1.5667,0.3333,0.5000,0.2000,0.2333,3.3000,2.2000,1.3333,0.9000,1.0000,0.0667,0.0667,0.0667,1.2333,0.5000
218,planned,4.0769,5.6923,3.9231,3.1154,5.0769,4.2308,0.8846,2.8846,0.7308,1.9231,0.1154,0.1154,0.0385,0.2308,0.5769
219,played,4.8929,3.6071,2.3214,3.7500,2.4643,2.8214,1.0357,4.8929,0.1786,5.0714,0.1071,0.1786,0.0357,0.2143,1.3214
254,plea,5.4483,1.6207,4.9310,0.5172,2.7241,3.3793,0.9310,0.5517,2.3793,0.6897,2.7931,1.4138,0.8276,1.1034,1.7931
478,plot,4.2308,1.5769,2.1923,0.5769,3.6923,1.9231,0.7308,3.1538,1.6154,3.0385,2.8077,1.7692,1.4615,2.0385,4.0000
330,plum,0.1724,0.0690,0.0345,0.0690,0.0690,2.2414,0.1034,3.6207,0.3793,2.0690,0.0000,0.0345,0.0690,0.0000,0.0690
137,policeman,1.7692,5.7692,0.5385,0.4231,0.5769,5.0000,2.7692,2.5000,2.0385,1.8846,1.3846,1.9231,1.1154,2.4231,1.9231
138,politician,2.2692,5.6538,1.6538,0.3077,1.0000,3.1538,2.6538,0.9615,3.1538,1.0769,1.7692,2.6923,2.9231,1.5000,1.1923
479,power,3.2500,2.2500,2.2143,2.2857,2.8214,4.3929,3.7500,2.1071,1.3929,2.3929,0.9643,1.4643,1.2143,2.3214,1.1071
20,powerful,2.0909,2.4091,2.3182,2.5909,2.4091,3.2727,3.5909,1.5455,1.3182,1.5000,0.2273,1.8182,0.1818,1.9545,1.4545
417,prairie,0.4483,0.1034,0.2069,0.2759,0.1379,1.8621,0.1034,3.5517,0.2069,2.3448,0.2759,0.1034,0.0345,0.1724,0.3448
139,priest,2.1429,5.5357,2.1071,0.9286,1.3214,4.4643,0.8571,3.2500,0.6429,2.6786,0.7500,0.7500,0.5000,0.9643,0.8571
169,prison,2.3000,0.2333,0.4333,0.4333,0.4333,1.3333,2.7333,0.0667,5.3333,0.3000,3.1333,2.5667,2.8333,4.2667,0.9333
480,problem,2.7586,0.5862,0.8966,1.2414,2.1379,0.6207,4.7241,0.2069,5.4483,0.0690,4.0690,4.1379,2.3793,3.4483,2.7586
48,protest,5.6667,4.2593,4.8889,0.6296,2.5556,3.8519,2.8889,1.1111,2.4444,1.0000,1.4444,2.2593,1.3704,1.7037,2.2222
331,pumpkin,0.4000,0.1667,0.3000,0.1333,0.0000,1.0000,0.2000,3.2667,0.1000,2.2000,0.1000,0.0667,0.1667,0.2667,0.5000
220,put,1.0370,3.0741,1.0370,3.4815,1.3704,2.0000,0.6667,1.0000,0.3704,0.4815,0.1481,0.1852,0.1481,0.0741,0.2963
481,quantity,0.6190,0.0000,0.2381,0.5714,0.1429,2.1905,0.8571,1.3810,0.3333,1.6667,0.1429,0.0952,0.2381,0.3333,0.7143
332,radish,0.3793,0.0000,0.0000,0.4138,0.0345,1.7931,0.1724,1.7586,1.4828,0.8621,0.1724,0.2069,0.9655,0.1724,0.2069
431,rake,0.5185,0.1481,0.0000,0.1852,0.1111,2.7778,0.8519,0.6667,0.4815,0.2593,0.1852,0.0370,0.0000,0.0370,0.0000
530,rally,5.8571,2.8571,4.7500,0.5357,1.8214,4.0000,1.5714,2.7143,1.1071,2.7500,0.9643,1.4286,0.5714,0.6786,1.6429
221,ran,0.8387,2.9677,0.4194,2.9032,0.5806,3.6452,1.0645,2.8387,0.9677,2.0323,0.3226,0.2258,0.1613,0.6774,0.7419
333,raspberry,0.0690,0.0000,0.0000,0.1379,0.0000,2.1034,0.3793,4.0690,0.2069,2.3793,0.1034,0.0690,0.1379,0.0000,0.1724
222,read,1.1071,3.2500,5.0000,4.7500,5.2500,4.0000,0.3571,4.6071,0.3214,3.5000,0.3571,0.4286,0.2500,0.2500,0.9286
482,reality,3.0435,1.5217,1.0000,3.5652,2.6957,2.4348,1.7826,2.9130,1.7391,2.6087,2.3913,1.5652,1.0870,1.7826,2.3913
33,red,0.5000,0.1786,0.1429,0.3571,0.1786,0.5357,1.3214,1.1071,0.8929,0.7500,0.2500,3.8929,0.3571,0.8214,0.7857
140,reporter,3.2333,5.6333,3.1000,0.3667,1.4000,3.3667,2.0667,1.7000,1.7000,1.2667,1.4333,2.0333,1.3000,1.2000,1.8333
170,restaurant,4.0000,0.2500,1.2500,0.3214,0.0714,2.7500,0.3929,4.5714,0.1429,3.6786,0.1429,0.1071,0.3929,0.1071,0.5000
519,ricochet,0.9286,0.1429,0.2143,0.0714,0.2500,0.4643,3.3929,0.6429,1.7857,0.6071,0.5000,0.8571,0.1786,1.7500,3.4286
531,riot,5.5926,3.0370,2.5556,0.0000,0.8148,0.6667,5.4815,0.2222,4.6667,0.0000,2.6667,3.3704,3.3333,4.4074,2.8889
171,river,0.3333,0.1000,0.3667,0.3667,0.1000,2.8333,2.3333,4.1333,0.1667,3.4333,0.1333,0.1000,0.1000,0.6667,0.5000
445,rocket,1.6000,0.3333,0.6667,0.0667,0.1667,3.0000,3.0667,1.7000,0.2667,1.2333,0.1667,0.1000,0.0667,0.9000,1.7333
483,role,4.3913,2.7826,2.9130,2.9130,3.7826,3.1739,1.0435,1.3043,0.9130,2.3043,0.8261,1.0870,0.7391,0.9565,1.0870
334,rose,1.9000,0.0667,1.5667,0.5333,0.1333,1.9667,0.4333,4.6333,0.3667,4.3333,0.5000,0.3333,0.1000,0.2333,1.9667
380,rum,1.5556,0.0000,0.2963,0.0741,0.0741,1.1481,2.6667,3.4815,0.8148,3.3704,0.7037,0.3704,0.6296,0.1481,0.3333
505,rumor,5.1786,0.8571,4.0357,0.8214,3.1071,0.7500,4.5357,0.3929,4.4643,0.4286,3.2143,4.0000,3.0714,1.8571,2.3929
446,sailboat,1.8519,0.1852,0.4444,0.1111,0.6296,2.5926,1.1852,4.0741,0.2963,2.8148,0.1111,0.0741,0.1111,0.5556,0.7407
290,salmon,0.7097,0.7742,0.0000,0.0323,0.1613,2.1935,0.2258,2.2258,0.5806,1.0968,0.1613,0.0968,0.2581,0.0645,0.3226
432,sandpaper,0.3793,0.1379,0.1379,0.2069,0.2414,2.7241,1.0345,0.7241,0.7931,0.3793,0.0345,0.0000,0.2069,0.0345,0.1034
506,satire,3.3000,1.0667,4.2000,1.4667,3.6000,2.2667,1.1333,3.5333,0.9333,3.4667,1.2000,1.2333,1.0333,0.3667,2.0333
242,saw,1.6250,1.9583,2.4167,4.8333,2.9583,1.7500,0.5000,1.6667,0.3333,1.1667,0.2083,0.1667,0.5000,0.5833,1.3333
400,saxophone,1.5667,0.0667,1.9333,0.1333,1.4000,1.9333,0.3667,3.5333,0.6333,3.2333,0.8667,0.1000,0.0333,0.1000,1.1667
172,school,4.3077,1.0769,2.5385,2.0385,2.7692,5.0769,0.6154,1.9231,1.5385,1.8462,0.9231,0.6923,0.6154,0.5769,0.7308
141,scientist,0.9310,5.5517,0.5172,1.4138,2.3793,5.2759,1.6207,2.8966,0.6207,1.5862,0.3448,0.3793,0.4138,0.5172,1.3793
433,scissors,0.6786,0.1786,0.2857,0.4643,0.7500,2.5000,3.7500,0.8929,0.4643,0.4643,0.1429,0.1071,0.1429,0.7143,0.2500
447,scooter,1.0345,0.1379,0.3448,0.5517,0.3448,2.5517,2.4138,2.8621,0.3103,2.3103,0.2069,0.1034,0.1724,0.5862,0.6552
260,scream,2.0333,0.3667,3.9667,0.4000,1.4000,1.3667,0.9667,0.3333,4.4333,0.2333,1.8333,2.0667,1.0000,4.3333,4.9000
261,screech,1.1000,0.1000,1.8667,0.0000,0.6667,0.3667,2.3667,0.0333,4.3667,0.0667,0.8000,1.6333,0.9000,3.4667,4.4000
516,semester,3.5333,0.7000,0.8333,0.7333,1.7333,2.6333,0.2333,1.6667,1.2000,1.2667,0.7667,0.7667,0.2000,0.7000,0.5667
365,shame,2.3793,0.5517,1.0690,2.5862,5.2414,0.6897,2.5172,0.0690,5.2414,0.1379,4.7586,3.2069,3.0690,2.5862,1.5862
384,shelves,0.1724,0.0345,0.3448,0.5172,0.4483,2.6552,0.5862,1.8966,0.0690,1.1724,0.0690,0.0690,0.1034,0.0345,0.1034
21,shiny,0.0645,0.0323,0.1290,0.4194,0.1613,0.3226,0.3226,2.4839,0.0968,1.6774,0.0000,0.0323,0.0000,0.1290,0.4194
307,shoulder,0.4333,0.5333,1.1000,2.2000,0.4000,1.5333,1.1333,1.3333,0.2667,0.5333,0.0000,0.0333,0.0333,0.1000,0.1000
223,shouted,4.4000,3.4333,4.8333,1.5000,1.7333,1.1333,2.1333,0.7000,4.1667,0.9333,1.8000,5.0000,2.0333,2.6000,2.9333
22,sick,0.8571,0.7143,0.2857,0.4286,1.6429,0.0357,4.6071,0.0714,5.3571,0.0357,2.6071,0.8214,4.2143,1.3571,0.5000
507,sin,3.0345,1.7931,1.3448,1.9655,3.3793,0.8276,5.0690,0.8966,4.5172,1.0000,4.1034,3.8276,3.9310,3.6897,2.4483
448,sled,2.4516,0.0000,0.2258,0.1935,0.6452,1.5161,1.9677,3.7097,0.0645,3.9032,0.0000,0.0000,0.0323,0.6452,0.8387
224,slept,0.4286,1.8929,0.3929,5.0714,0.7857,3.8571,0.2857,5.1429,0.0714,2.2857,0.4286,0.0000,0.1786,0.2143,0.1429
23,small,0.4643,0.2857,0.2857,0.8929,0.4286,0.2500,0.4286,0.6071,0.5357,0.1786,0.7500,0.2500,0.0714,0.7857,0.3571
291,snake,0.2581,0.6452,0.0968,0.1290,0.0968,0.9032,5.0645,0.5161,4.0000,0.4839,0.7097,1.2903,2.7419,4.6452,4.2903
508,snub,4.8000,0.8667,3.7667,0.6667,3.2333,0.4000,3.0667,0.0667,5.2333,0.1333,4.0667,4.9667,3.0667,1.3333,3.1000
49,soccer,5.6667,0.7000,0.6667,0.6000,1.4333,1.2667,0.7000,2.5333,0.4000,2.1333,0.2667,0.4000,0.1667,0.1667,1.0667
24,soft,0.1724,0.3793,1.1034,0.9655,0.3448,0.7931,0.1034,3.2759,0.3103,1.6897,0.2414,0.0345,0.1034,0.2759,0.1724
142,soldier,1.8667,5.9000,0.5000,0.4333,0.6333,3.8667,4.8333,1.5333,1.8667,1.7333,1.7333,1.7000,0.8000,2.6000,1.4667
381,spaghetti,0.6667,0.0000,0.1000,0.1667,0.1000,1.8000,0.0667,4.1667,0.0667,2.9667,0.0333,0.0000,0.0333,0.0000,0.0333
434,spatula,0.5000,0.0000,0.0333,0.2667,0.3333,2.7667,0.8667,1.6333,0.1000,0.9667,0.0000,0.0333,0.0667,0.0333,0.1333
532,speech,4.7333,1.5000,5.7333,1.8333,4.0000,3.9000,1.6333,3.0000,1.5000,2.9667,1.7333,2.1000,1.2000,1.4667,2.1333
25,spiritual,2.9615,2.7692,2.1154,3.3846,4.0385,3.6923,0.8846,3.6923,0.5769,4.0769,0.7692,0.3077,0.1538,0.8077,0.7692
225,spoke (to),5.5667,4.1000,6.0000,4.1667,3.6333,3.8333,1.2000,2.8333,0.9000,2.1000,0.7000,0.9000,0.4667,0.7000,0.9000
177,spring,0.5714,0.0000,0.0000,0.2143,0.0357,2.5000,0.1429,4.9643,0.0000,4.6786,0.0714,0.0357,0.0000,0.0000,0.7500
262,squeal,1.8667,0.4000,3.1333,0.1667,1.9333,0.5333,0.6000,0.9333,2.9000,1.0667,0.6667,1.3333,0.8667,1.6333,4.1000
520,stampede,1.8929,1.1786,0.3214,0.0714,0.3214,0.1071,5.2500,0.1786,4.4643,0.1071,1.6786,2.0357,1.1786,4.7500,4.1071
435,stapler,0.1724,0.0690,0.1379,0.1379,0.1034,2.4138,2.3103,0.9655,0.1379,0.5862,0.0000,0.0000,0.0000,0.0345,0.1379
226,stayed,1.4483,3.1724,0.8621,2.6207,0.8621,1.8276,0.2414,2.2069,0.6552,0.9310,0.3103,0.4138,0.2069,0.3793,0.1379
227,stole,2.7586,4.7586,0.7586,0.1724,2.3103,0.6552,4.6207,0.2414,4.5517,0.3448,2.2069,3.4138,2.6552,2.6207,2.6897
106,stone,0.2143,0.0357,0.3571,0.0714,0.0714,1.1429,3.3571,0.6429,0.2857,0.3571,0.2857,0.2500,0.0714,0.6429,0.2143
173,store,3.5333,0.2667,1.0333,0.8333,1.0667,3.6000,0.5333,2.7667,0.8333,2.6333,0.1667,0.3667,0.3667,0.2667,0.4667
50,storm,0.5000,0.2857,0.2143,0.2143,0.3214,1.1786,4.6071,1.5000,3.0357,0.8929,2.1071,0.9643,0.6429,2.9643,2.3929
174,street,1.2000,0.0667,0.5667,0.2667,0.1000,3.3333,1.0667,1.0667,0.4333,0.6667,0.2333,0.1000,0.0333,0.6000,0.2000
143,student,2.0968,5.7419,0.5161,2.4516,2.0000,3.0968,0.8065,1.9677,0.4194,1.9677,0.1613,0.4194,0.1290,0.0645,0.4839
449,submarine,1.0000,0.1481,1.0741,0.1111,0.3333,2.5185,3.4815,1.2593,0.5926,0.4074,0.5185,0.5926,0.1111,1.5926,1.2963
450,subway,2.0345,0.1034,0.2069,0.2414,0.1724,3.8966,1.8276,0.9655,1.4483,0.6552,0.2759,0.0690,0.8621,0.7586,0.2069
484,sum,0.8462,0.0000,1.3846,0.8077,3.6154,2.1538,0.4615,1.5385,0.8846,1.6154,0.6538,0.7692,0.3077,0.3846,0.9615
178,summer,1.1481,0.1481,0.0370,0.5926,0.2963,1.7407,0.8519,3.9259,0.5185,3.8519,0.1852,0.1111,0.1852,0.0370,0.3704
107,sun,0.1613,0.0968,0.5161,0.3226,0.2258,4.0000,3.4839,3.1290,0.4839,2.9355,0.1290,0.1290,0.0645,0.4516,0.3548
228,survived,2.2500,4.0417,0.7917,1.6250,2.4167,5.1250,0.8333,3.7083,0.3333,4.1250,0.6667,0.3333,0.1667,2.8750,2.0833
344,sympathy,4.6207,0.7586,2.5862,3.1379,4.9310,4.5172,0.4138,2.8276,1.0345,2.5517,2.7586,0.5517,0.1379,0.3103,1.3103
533,symphony,3.7419,0.7097,1.9355,0.3226,1.4194,2.0968,0.0645,4.7097,0.1935,4.1613,0.9355,0.1935,0.0323,0.2581,0.9032
108,table,0.8621,0.0000,0.5862,0.0690,0.0000,2.0345,0.1724,1.2069,0.0345,0.3448,0.0000,0.0000,0.0000,0.0000,0.0345
335,tangerine,0.1724,0.0345,0.0690,0.0345,0.0345,2.2414,0.3793,3.6207,0.1724,2.0690,0.1379,0.0000,0.0690,0.0000,0.0345
485,tax,2.0000,0.2857,0.4286,0.4643,0.5714,2.7143,2.0714,0.0714,4.7500,0.1429,3.0714,3.8571,2.3929,1.9286,1.7500
109,tea,1.0333,0.0000,0.0667,0.5333,0.1667,2.6000,0.4333,3.5667,0.2667,2.7333,0.0000,0.0000,0.0667,0.0000,0.1000
144,teacher,3.2333,5.8333,1.9000,1.3000,2.2667,5.6667,0.8667,3.6667,1.1333,3.4000,1.0333,1.1667,0.3667,0.8667,1.4333
74,team,5.4667,5.2333,2.4333,1.9333,1.9667,4.0000,0.8667,2.5000,0.4000,2.8333,0.2000,0.2333,0.1333,0.2667,0.8667
110,television,1.7931,0.4483,3.0345,1.0690,1.2414,2.6552,0.8966,4.0000,0.4828,3.6552,1.2759,1.0345,0.8276,1.0345,1.2069
145,terrorist,2.5161,5.0968,1.7097,0.0645,1.5806,0.1290,5.7419,0.0000,5.8387,0.0000,4.7742,5.3548,5.0000,5.6452,4.2258
509,testimony,4.8214,1.7500,4.7143,1.2143,3.8929,3.8929,2.3214,1.4643,1.8929,1.6071,1.6429,1.6429,1.2143,1.3571,2.3929
153,theater,4.0000,0.6667,2.2500,1.1250,1.2083,2.9167,0.0417,4.9583,0.1667,4.2917,1.4583,0.6667,0.1667,0.8333,1.6250
486,theme,3.2692,1.1923,2.7692,1.6538,2.8077,2.3462,0.6154,3.1538,0.6923,3.1154,1.1923,0.8462,0.3077,0.6923,2.1154
487,theory,3.0714,0.9286,2.6786,1.2143,5.1429,3.7857,1.3214,1.8571,0.7857,1.4643,0.7857,0.8571,0.5714,0.7143,1.8929
229,threw,2.5357,2.8214,0.8214,2.1786,1.1429,1.0714,3.2143,1.6786,1.3571,1.2500,0.5714,1.6786,0.9643,1.0000,1.2500
263,thunder,0.1667,0.0000,0.0333,0.0000,0.0000,0.2333,2.1000,1.1333,2.3000,0.6667,0.7000,0.2000,0.0667,3.3333,3.6333
111,ticket,2.2143,0.1786,0.9643,0.1786,0.2143,2.8929,0.5714,2.4643,0.8214,2.8929,0.3571,0.6429,0.2857,0.4286,0.7857
292,tiger,0.2857,1.1786,0.1071,0.1429,0.0357,0.5357,4.9286,2.0357,1.4286,1.5000,0.2857,0.3571,0.1786,4.3571,2.1786
26,tired,1.5714,1.4286,1.7143,1.4286,4.7619,0.6190,1.0952,0.5238,2.8571,0.3810,2.5714,0.8571,0.5238,0.5238,0.4762
436,toaster,0.4138,0.0000,0.0000,0.0000,0.1034,2.3793,1.2069,2.2414,0.0000,1.3448,0.0345,0.0000,0.0345,0.0000,0.3448
382,tobacco,0.9333,0.0000,0.5000,0.4000,0.3667,0.2000,5.4000,0.7333,4.6000,0.6667,1.7000,1.5333,3.3333,1.0000,0.1333
308,toe,0.0690,0.2414,0.2069,1.7586,0.1379,1.5517,0.4483,0.8276,0.8276,0.2069,0.0000,0.0690,0.8276,0.0690,0.1034
336,tomato,0.3333,0.0000,0.1000,0.2333,0.2000,2.8000,0.3333,3.9333,0.3333,2.2667,0.0000,0.0667,0.2333,0.0000,0.1667
230,took,3.4483,4.0345,1.2759,2.5517,2.3793,2.2069,2.5172,1.1034,2.0000,1.1724,1.2414,1.8966,1.3103,0.9655,2.0000
366,torment,4.0667,0.9000,1.0333,0.2667,3.9667,0.1667,5.0667,0.0000,5.6000,0.0000,4.9667,4.6000,4.1000,4.9333,2.2667
271,tornado,0.5714,0.1429,0.0000,0.0714,0.0714,0.0357,5.8571,0.4286,5.3571,0.0000,3.3571,1.5714,1.2500,5.5000,3.5000
146,tourist,2.4063,5.7813,0.9688,1.1250,0.8438,2.4375,0.7813,2.0625,0.7500,1.6563,0.0938,0.6250,0.3438,0.1875,1.0938
451,train,1.2000,0.0667,0.4000,0.2000,0.0667,3.7000,2.5333,1.8000,0.3667,1.2667,0.1333,0.1667,0.0000,0.6333,0.4667
510,treaty,5.1724,2.2414,3.2069,0.4828,2.5862,5.2414,1.4138,2.3793,0.2759,2.3103,0.3103,0.5862,0.2759,0.4483,1.0690
75,tree,0.0323,0.0323,0.0323,0.0645,0.0000,2.9032,0.9355,3.6452,0.0000,2.3871,0.0968,0.0000,0.0323,0.0968,0.1935
51,trial,5.7879,1.2424,2.6061,0.1212,2.2121,3.0000,2.2121,0.4242,3.0000,0.3333,2.2121,1.9091,1.0606,2.2727,1.5152
511,tribute,4.5556,0.8148,2.7407,0.9259,1.8148,2.7407,0.0741,3.6667,0.4815,3.8889,2.5185,0.2593,0.2222,0.1852,1.7407
401,trombone,1.1379,0.2069,1.5862,0.2759,0.9655,1.5862,0.5862,3.0345,0.3448,2.4483,0.3448,0.0345,0.0690,0.0000,1.0000
512,truce,5.6333,2.2667,3.7667,0.6000,2.9333,5.4667,0.8000,3.4667,0.2333,3.7667,0.1333,0.3333,0.0667,0.3667,1.9667
452,truck,0.9286,0.0357,0.5714,0.7143,0.2143,4.2143,3.3929,2.3571,0.3571,1.7500,0.0714,0.2857,0.2857,0.5357,0.4643
402,trumpet,2.0333,0.1000,1.8667,0.2333,1.1000,1.5000,0.2667,3.2000,0.4667,2.5000,0.7000,0.1000,0.1000,0.1000,1.5667
345,trust,4.2414,1.3448,2.5172,3.9310,4.6207,5.2414,1.5862,4.3448,0.2759,4.5862,0.4828,0.7241,0.2414,0.8621,1.5172
488,truth,3.5333,0.8667,3.5333,4.2333,3.7000,5.1333,2.7000,3.3333,2.1333,3.6667,2.1333,2.2667,1.3000,1.9667,3.0000
403,tuba,1.6667,0.0667,1.9000,0.3333,0.9333,2.0667,0.3667,3.2000,0.5000,2.3667,0.3333,0.3000,0.0667,0.1333,1.5333
337,tulip,0.7931,0.0345,0.7241,0.1379,0.0345,1.9310,0.2759,5.1034,0.1379,4.5172,0.1379,0.0345,0.0345,0.0345,0.8621
293,turtle,0.0741,0.8519,0.0741,0.3704,0.2593,0.8148,0.6296,2.6296,0.5926,1.7778,0.3333,0.0370,0.5185,0.5926,1.0000
437,umbrella,0.0690,0.0000,0.2414,0.2069,0.0690,4.6897,0.9310,1.5172,0.1724,0.8966,0.2414,0.0000,0.0345,0.1379,0.1724
27,used,0.7727,0.3636,0.2273,0.2727,0.4545,0.6364,0.4545,1.0455,1.9091,0.4091,1.0909,0.5909,1.6818,0.4091,0.2273
231,used,2.3478,4.3043,2.3913,4.5652,3.1739,3.0435,1.3043,2.3913,0.5652,1.5217,0.6087,0.7826,0.3478,0.3478,1.0435
52,vacation,4.8929,0.9643,0.6071,1.3929,1.3571,4.4643,0.1429,5.7500,0.0357,5.5000,0.1071,0.0357,0.0714,0.1786,1.7857
453,van,1.2222,0.0000,0.4444,0.7037,0.3704,3.3704,2.1852,1.6667,0.2593,1.0741,0.0741,0.0741,0.2222,0.4444,0.0741
489,verb,2.6667,0.9524,4.7143,0.3810,2.3810,1.7143,0.8095,1.3333,0.3810,1.3810,0.7619,0.8095,0.5714,0.5714,1.0952
490,vice,2.8889,0.7778,0.6667,2.3704,4.0000,0.4815,5.0741,1.1852,3.8519,1.7037,2.9259,2.8519,3.2593,2.5556,1.4815
147,victim,3.0000,5.1379,0.8276,0.8621,1.0345,1.3448,1.3448,0.4483,2.7241,0.1379,5.1724,2.9310,1.8621,2.6897,2.1724
232,visited,5.1852,4.4444,3.4444,3.8148,1.5926,2.8519,0.4815,4.1111,1.0741,3.1852,0.6296,0.3704,0.2593,0.3333,1.2963
418,volcano,0.4643,0.0714,0.0714,0.0357,0.0714,0.3571,5.8214,0.6786,3.5000,0.2500,1.6786,1.1786,0.4643,4.2143,3.5714
148,voter,3.2667,5.5000,3.0667,3.2333,2.5000,4.3333,1.4667,2.1333,0.9333,2.3667,0.5667,1.2000,0.7333,0.4667,1.3667
233,walked,1.3793,3.2759,0.6897,4.4138,0.5172,4.0000,0.6552,3.5862,0.5172,2.0000,0.2414,0.2759,0.2414,0.2414,0.3793
241,wanted,2.3846,4.7692,2.1923,3.4615,4.4615,2.6923,1.0385,2.3462,0.8846,2.1154,1.3077,0.8462,0.6538,0.6923,0.6923
234,watched,2.2069,2.7586,2.4483,3.5862,2.4483,1.8966,0.9310,2.0690,0.8966,0.9655,0.1379,0.3448,0.3103,1.2759,1.6207
112,water,0.5172,0.0000,0.2759,0.9310,0.0000,4.8966,1.7586,3.7241,0.1034,1.9310,0.0345,0.0000,0.0000,0.2069,0.2069
28,wealthy,1.5769,2.0385,0.9231,1.2692,1.0385,4.6538,0.6154,3.6923,0.2692,4.1538,0.2308,0.3077,0.2308,0.0385,0.2692
235,went,1.7097,3.4194,0.7742,2.9677,0.8065,1.3871,0.4839,1.5484,0.5161,1.0323,0.5806,0.5484,0.2258,0.3871,0.3871
294,whale,0.3667,1.3000,0.4333,0.2000,0.2667,0.9667,2.4333,2.9000,0.3000,2.2667,0.4000,0.0667,0.0667,1.5333,1.6333
264,whine,3.1333,0.4667,4.3333,0.3333,2.5000,0.5000,0.6000,0.3667,4.8000,0.1000,2.3667,3.1333,1.9667,0.6667,1.7000
34,white,0.6129,0.2258,0.3226,1.5161,0.1613,0.2581,0.0968,1.3226,0.1935,0.8065,0.1613,0.1935,0.0323,0.3548,0.2903
491,whole,0.8571,0.5714,0.3810,1.1905,1.4762,1.4286,0.1429,1.2381,0.3810,1.1905,0.3333,0.3333,0.1429,0.2857,0.1905
113,window,0.2500,0.0000,0.4286,0.1786,0.1071,2.2500,0.6786,2.1429,0.0000,1.1429,0.0357,0.0000,0.0000,0.0714,0.3571
179,winter,0.6429,0.0000,0.1429,0.2500,0.2857,0.9643,2.0714,2.6786,2.1429,2.2857,1.6786,0.8929,0.2857,1.0000,0.9643
346,wit,3.8929,1.4643,3.7143,3.5357,4.9286,2.9643,1.3214,3.5000,0.8214,3.6786,0.7143,1.0714,0.2857,0.3214,2.7143
149,witness,3.6333,5.4667,2.2333,0.6667,1.2667,4.4667,1.7667,1.0667,0.6333,0.8333,0.9000,0.5667,0.2667,1.1333,1.6000
367,woe,1.7586,0.2759,1.3793,1.0000,4.6552,0.2414,2.2759,0.2414,5.4828,0.0000,5.6207,2.4483,2.3103,2.8621,0.9310
76,woman,1.1724,5.8966,0.8621,2.1379,0.8621,3.3793,1.6897,4.5172,0.4138,3.6552,0.6552,1.1724,0.2759,0.5172,1.3793
347,wonder,1.8077,0.4615,0.5769,1.9231,4.5769,2.6154,0.2308,4.5385,0.0385,4.5769,0.3846,0.2308,0.0385,0.3077,4.3846
236,worked,4.9286,4.8929,3.4286,5.1071,4.0714,4.7500,0.9643,1.9643,2.7143,2.2143,0.7500,1.1071,0.6429,0.2857,0.6786
150,worker,2.6667,5.5333,0.7333,2.7000,1.4667,4.4667,1.4667,1.7667,0.5000,1.1333,0.4333,0.4667,0.1000,0.1667,0.6333
492,worth,1.2500,0.8333,1.2500,5.0000,2.5417,3.6667,0.4167,2.7500,0.5417,3.5833,0.5417,0.7917,0.2500,0.4583,1.3333
237,wrote,2.2759,3.7241,5.7586,3.7241,4.8276,3.2414,1.0345,3.2414,0.8621,2.1034,0.8276,0.5172,0.3103,0.3793,0.2759
404,xylophone,1.5862,0.0345,1.1724,0.1034,1.0690,1.2414,0.0690,3.6897,0.2414,3.2414,0.2759,0.0690,0.0345,0.0345,1.0690
517,year,0.9655,0.0345,0.2414,0.2069,0.6552,0.8966,0.1724,0.8621,0.2069,0.8966,0.8966,0.2414,0.1724,0.3793,0.2414
35,yellow,0.3929,0.2857,0.0714,0.1786,0.2143,0.3571,0.2500,1.0714,0.3929,1.2143,0.4286,0.1786,0.2500,1.1429,0.4643
29,young,0.7778,2.1852,1.1111,2.7037,1.7407,0.9630,0.2222,2.3333,0.1852,2.3704,0.1111,0.0370,0.1111,0.6296,0.3704
493,zone,1.7600,0.3200,0.9600,0.1600,1.0000,1.8000,1.1200,0.9600,0.6800,0.7200,0.2400,0.2000,0.1600,0.6800,0.4800
419,zoo,3.5000,0.5333,0.9333,0.1000,0.7000,2.4667,1.0000,4.6333,0.4667,4.6000,0.5667,0.3333,0.5667,0.9667,1.9333